customer_tweet_id,clean_customer_query
594532.0,UPS
588782.0,I just got a package (a birthday gift for tomorrow) and the packaging and the item itself smell very strongly of smoke. I'm assuming the driver at Intelcom was smoking in the car and now my gift is ruined.
1704079.0,"Once again, I'm not getting my packages on time from #Intelcom. So much for 2 day delivery! This is the 5th time!"
831799.0,Only tell me where is solution and what action taken on your courier partners unethical behaviour
841310.0,"I have called them but they are saying,"" we have not received delivery report So u have to wait."""
1393965.0,i have already tried your customer care. doesnt help my case.
69684.0,Plz update on the status of my money. I was called today by courier boy and promised an upload of money. PLZ FOLLOW UP. #AmazonFraud #AmazonFails #AmazonPayQuiz #AmazonPay
1479696.0,You bet i did. I was asked to reorder at the increased price now.
1137442.0,Why you guys are not providing delivery guy's contact no. If your delivery guy's can't make call to customers.
2481428.0,help!
1207591.0,So sad😫
1218275.0,Done that. Thanks for your support.
281935.0,"24 hours later, is still investigating. Total for 1 week now. Please cancel the order so that it reflects on the account?"
838337.0,I am not satisfied .you want to lost me as your valuable customer.
1206867.0,"you think i don't check my emails before tweeting? Well, I do ! No resolution. Giving you guys 48 hours as requested :)"
2171362.0,I've done what you asked. Unless the 9th call is any different from the previous 8 experiences/telephone conversations I truly don't see the benefit or incentive on being disappointed once again.
1448010.0,"Livraison express 9,99€"
422471.0,I have taken an off especially for this installation and then the same delayed maybe cancelled by Very disappointing
222811.0,再設定が完了したすぐ後に、そのパスワードを打ち込んでも「問題が発生しました。パスワードが正しくありません」と表示されてしまいます。ブラウザを変えたり、PC、スマホの両方で試してもだめでした、、
2589118.0,"Se vende en vuestra página y entiendo que es responsabilidad vuestra. Ya está bien de...""el vendedor es otro nosotros nos borramos"""
440993.0,Am not able to find how to registered the complaint. Pls assist and refund the amount asap. This is absolutely fraud By
429083.0,405-1233743-7365932 this is the detail and I want refund now
2518031.0,Justamente antes de mandar el primer tweet 🤗
20034.0,how do i delete my old credit cards from the list
938020.0,why even have pictures and descriptions of your items? You sold me a $15 costume described as an $80 dirndl. Shame.
527736.0,Is it because I bought echo in the US ?
2303049.0,Already given.all details to yr staff
420774.0,... completely off-point. A form email - not an automatic reply - but a form email sent by someone who didn’t cp]omprehend my issue. 😡
1655182.0,"hi, bought some Marshal headphones through you guys a few months back but it's faulty now, do you guys provide any warranties"
1370163.0,I can DM you or you can DM me but I need some answers. Now.
78702.0,c'est fait sauf que là niveau dédommagement et tout ce qui s'en suit çà se passe comment?
448656.0,"Order number 204-8682513-8630709, and it would be idea to send to Amazon Locker - Max Located in The Co-operative, 327 Cowbridge Road, East Canton CF5 1JD before saturday"
735659.0,"Vale, pero solo de este. No hay suficiente espacio en Internet para almacenar fotos de todos los pedidos de Amazon que llevo recibidos 😉"
294801.0,no email or phone recieved yet even after passing of 21 hours. Is this kind of aftersale service one customer wants?? plz dont delay.
393080.0,i want to transfer my amazon pay to my bank account Please help Its urgent as i have to deposit my exam fee
1003621.0,yes but they said ur product is at the hub and sry fr d delay hope u understnd ur customer issues n solve dem
1249424.0,ありがとうございます。
942174.0,How long does a response usually take?
142971.0,"My second order also not shipped yet, order date 21.11.17, i think amazon taking rest Order: 407-2274167-3594706"
1397895.0,Cmon.. Check website that gives link to Amazon India site &amp; classic was available till 11th Oct. As its launched on 13th sep1/2
2471015.0,"Autant pour moi, colis retrouvé, Il devrait être livré « Avant 20h » ! Je vous remercie de votre réactivité !"
986211.0,It's been more than 10 days and I am just waiting for someone to help. Losing my hope.
798778.0,Ils ont pris en charge mon colis pas la livraison demain je vais aller le chercher
2470098.0,no payments being made through MasterCard
2611672.0,Sorry but I was not trying to buy from the Kindle app but from the Amazon app instead which I would expect to work. Would it be possible? I am in Germany.
485253.0,That link requests account details or set up an account. She doesn't have one or want one.
2334535.0,"Lá só diz ""livros elegíveis"" - o que quero saber é se só vale pra livro físico ou se aplica também ao digital - afinal, ambos são livros"
1078483.0,package says it was just delivered...but no package? Was supposed to be same-day delivery
434567.0,"done, but they need 3 day's to update the status, by the time my return policy will get over ????"
1098571.0,As of now it says delivery date pending
603965.0,Nothing...was told that the carriers made “attempts” to deliver our packages but could not locate our large apartment complex and the earliest they could be sent out for delivery again would be 12/5 with no guarantee that they would even be delivered
25959.0,How many times we have to fill the forms. 23rd we raised the case 4063530272. Today it's 1st Nov. Still in waiting. And we loose 4 orders
969880.0,No option of reply showing
2670475.0,I did this morning but it doesn’t say why it’s been delayed. Very frustrating! Is there nothing that can be done to get it here today?
80659.0,Where is the result of redtapequiz ?????
1807357.0,その通りにしてみましたが何度か試しましたがエラーが出てしまいました。
777201.0,My prime has expired. Have ordered echo which comes with prime. Should I wait for delivery in November or renew prime now?
1727446.0,"Danke. Euer Support hat versucht zu erreichen, was nicht klappte. Oh Wunder.. ich warte meine neuen Bestell. ab, ob die ankommen"
259948.0,Can you at Amazon contact their support team? If you succeed i will forget everything.
1574952.0,", wie wollt ihr dass denn schaffen, Zeitreise? Dritte #amazon Primebestellung die in dieser Woche zu spät oder gar nicht kommt."
22592.0,Unfortunately I'll have to cancel it then..disappointed
288176.0,tiers. je l'ai acheté sur Amazon donc peu importe. votre com est mensongere puisque vous refusez de prendre en charge le retour.
2558519.0,Un bloqueador solar y unas sombras para los ojos. 😁
1330231.0,"A very unclear message about ‘different fulfilment centres’. If there is a problem, then I don’t have issue with that. But saying it will be delivered next day, then saying it will be 4 days later with no reason why, is really poor."
2930155.0,Any word on an iPhone X Alexa app update anytime soon? The app isn’t running its best on the iPhone X :(
742390.0,"In der Suche standen 2,99 Hab aber 3,99 zahlen müssen"
2468670.0,please clearly mention on your site that one day delivery means delivery next day of placing order so no one get cheated
1684580.0,"Siii, me compre unos parches oculares 👁 aquí en Cancún no encontraba en donde comprarlos 😓"
2273248.0,"🤔 Äh. Machen wir es einfach: Mehrere Menschen haben (laut verschiedener Tweets) bemerkt, dass man bei Batterie-Bestellungen bei zu viel Umverpackung hat. Das ist offenbar kein Einzelfall - ergo wäre ein Vermerk an die entsprechende Stelle bei Amazon wichtig."
179315.0,Have sent another email just in case
2758119.0,Thank you for the help! :-)
2116160.0,Please upload card statement
1353568.0,Making them wait all day for the item and then possibly not delivering
243204.0,My order no 405-1802560-1066729 of 5081/- divided in 2parts charged 60/- for delivery &amp; disqualified from 1200/- ICICI cashback
295294.0,Je vous ai envoyé 2 liens 😏😏😏
1099753.0,"Haha expected,,, nothing much more than this you are doing from last 12 days #amazon.in"
365246.0,What the heck we are doing here .. why there's multiple communication when it can be solved here itself cut the crap find a solution
36481.0,not available at my nearby distro center.. Says it comes today. Kinda horrible delivery times.
1576233.0,Amazon Music not streaming well over multiple devices.
1448042.0,...then why does it always look like this.
1365468.0,"Si así es, muchas gracias por la atención"
2353844.0,Please see my tweet above... why should I need to do this for what will be the 5th time!!! You should be phoning me to resolve this not the the other way around... £90 down and no idea how many hours of holding the phone!
1225188.0,"Kaufe neues Notebook für 1.300, erhalte geöffneten Karton, keinerlei Beihefte oder Garantiezettel, keine Schutzverpackung und"
2821599.0,I talked to someone on the phone whos having a fraud specialist looking into thank you 🙏🏽 but right now im cut off for cyber monday
2693911.0,"There’s no mention of a 5505 error on that page, and my login info is the same I use to watch Prime video on my laptop and iPad. Can you be more specific?"
2398284.0,is there anyway for me to get your delivery companies to leave stuff with next door? I’m always at work when deliveries arrive.
877655.0,I don't understand y things r so complicated...y can't I just cal n talk 2ur exec...Y so many formalities.
404070.0,"trying to order item for prime delivery to a locker, delivery 10/10 in item desc but when I buy,says delivery 13/10, what’s up?"
162100.0,Ja. Komm nicht an der Info vorbei. Bei einem anderen Spiel lief es problemlos
292802.0,I re-ordered the book. It reached my office building but the delivery boy didn't drop it off bcoZ he didn't get parking.
2612253.0,Hi the tracking says as left in letterbox. My neighbour not seen anything either and she is my designated person to collect parcels when I am out.
666978.0,"No es contra Amazon, ustedes son muy buenos en su trabajo y se los agradezco, sé que es ajeno a ustedes pero decir que fue por problema meteorológico o por manifestaciones? Si no hubo nada! Y en cuanto a clima estuvo caluroso 😂😂😂."
984221.0,"Worst service in Return and Replacement. You are not picking my return neither dispatching my replacement order. Please dispatch my replacement order, and you pick whenever you want. Replacement requested on: Oct 15, 2017. HELP."
1322933.0,They're saying today before 9pm but its being delivered to a business address which closes at 6pm
1185035.0,". on my honeymoon, held my mail 4 the time we’re gone, but it says a package delivery was attempted. Is this right?"
2685337.0,I've tried through both and both say this.
1777657.0,- I am unable to order gifts for my husband or son because you display all purchases. Is there a way to secretly purchase so they can't see it? Maybe a password at a purchase level ?
434433.0,A parcel has been put through our letterbox for the 2nd time for a person at a totally different address in a different town!
712922.0,"Once again, your courrier has ""delivered"" a package that's not actually at my house.... second time I've had this issue with you"
2301878.0,What do I do if I need to return an item but I don't have a printer &amp; their no drop off places by me 🤔
836871.0,407-6976651-4029149 dt 9/9/17 Return reqst 16/9/17
1482911.0,__email__ and i need a call back at earliest.
2856569.0,"hola! Hice un pedido de dos artículos, uno en preventa y otro fuera de stock, he cancelado el del stock y creo que el de preventa también pero ese no quería cancelarlo. Me dice que se está preparando la cancelación pero quiero volvero a pedir, cuando podré?"
348191.0,Still not get any update
29492.0,Et pourquoi il est réservé exclusivement aux membres Prime pendant un petit moment ?
654339.0,"Dass es #Spam war, merkte ich sofort: dieser Mail-Account ist nicht mit meinem #Amazon-Konto verbunden, schlechtes Deutsch - und vor allem an diesem Absender..."
652063.0,Ah j'oubliais c'est normal que je peux toujours faire une modification sur la commande alors que c'est en préparation pour expédition ?
348676.0,contact me on this no 09101222439
2774144.0,"Wann verbessert sich der Service von Amazon Logistics in Berlin endlich? Pakete werden nicht eingeladen, sind ewig unterwegs, Fahrer findet Paket nicht mehr, … Früher war ich treuer Kunde, weil ihr die zuverlässigste Logistik hattet."
727849.0,No so theres 3 items. They shipped in a pair and single shipment. I got charged once for the total then again for the pair
1330183.0,Do i need to tell my issue every time i tweet?
477756.0,I would like to know if this is a common problem and if company is planning to resolve it through update? Or is it only my case? Accordingly I would request for replacement from amazon.
861189.0,"yes, its been out for delivery for several days now, on my orders it now says expected on the 18th October…. its now the 20th"
972762.0,I replied please check
697977.0,No han podido validar un num de tel y dirección del titular de la tarjeta y ya mandaron por correo la información y no recibimos respuesta
599054.0,"Ive tried the 'contact us' function. Assumed issue was sorted after 1st call, it wasn't. After 2nd call, I'm waiting on a Supervisor calling me back. #nothopeful"
1050764.0,"trouble caused for you. I had an urgent need for that item. purchased on 08.10, Today, 15.10, yet to be delivered."
282152.0,Tengo dos. Uno retrasado de ayer y otro de hoy. Ninguno tiene pinta de que vayan a llegar. Incluso con confirmación de hora mediante.
497306.0,I appreciate the fast shipment but you really could downsize on the shipping boxes lol. A poster and a trunk net didn't need a box this big ☺. cc:
2614173.0,I didn't get Amazon keychain on prime renewal ..please arrange one
44507.0,Ich hab sie gefunden! Alles gut! :3
1472556.0,"A refund was issued, and yes I got an email about the refund."
1493326.0,Returned phone suppose to get delivered back to seller on 2-Nov. But still not reached 2 seller &amp; replacement still not dispatched.
2467962.0,Dear kindly consider implementing a means whereby customers can create our own customer support tickets to report issues with #AmazonEcho and its skills rather than being told to call into reps who haven't a clue please and thank you. #NotPleased.
467359.0,This was supposed to be a gift and the entire plan went for a toss. I will thing twice before booking anything in Amazon going forward.
838654.0,thanks. Interesting how you expect the customer to run around contacting different departments and call your self customer service.
1378692.0,"Hallo , gibts Neuigkeiten zur HDR10+ Unterstützung von Amazon? Ab ""Sommer"" sollten es Videos geben ..."
325433.0,I Purchased reading manufacturer section which says 'Scan to Email directly from Printer's touchscreen.'WHICH IS WRONG.I CONFIRMED WITH HP.
2513426.0,Expected last week 😬 it is going to an island so takes a while but this has been ages now !
2728050.0,I have received several emails from them. I don’t need my account to be protected - the credit card has been cancelled and the back have reimbursed me
780363.0,I had placed the order a month back! Please figure a way out to get it delivered faster... I thought being a prime member had a few perks!
1356001.0,ANYONE home to help me?
619163.0,Yesterday
319820.0,Also the fact that it has taken so many hours out of my day for a £60 hoover is so annoying
1844057.0,Pues hacer vuestro trabajo de la.mejor manera 🤗🤗
2884983.0,昨日の夜に間違って届いた商品をAmazon返品係に送り返したのでまだ返金されてないんですかね？ また明日こちらからご連絡いたします。 1ヶ月で2回も商品間違いで届くのは流石に残念です。
1693539.0,How many replies you want for delay from your end.. Talk to your courier partner rather than harassment of your customers..
496785.0,"bonsoir, j'ai commandé un produit sur votre site que je devais recevoir le 28/11, et je ne l'ai toujours pas reçu.. Pourriez vous m'aider ?"
2018674.0,Oh I just realised it wasn't purchased through my account does that make a difference?
2260822.0,"Não consigo acessar minha conta. Disseram que alguém encontrou na minha conta e agora mesmo depois a redefinição de senha, não consigo entrar nela. Pode me ajudar?"
1199052.0,The order is not yet returned. It's showing returning back to selller. If you can help so that they can deliver it on address.
2726331.0,"So where is this delivery? Nobody went back Sat, it wasn't delivered yesterday and I've had no updates as promised!"
344357.0,I'm so sickened. SICKENED at the idea of multiple failures by you guys. This is just....unacceptable.
643790.0,"Please define priority it's already late, #AmazonGreatIndianFestival #AmazonIndia"
805571.0,Not camaflouged but complimentary hence unexpected and almost went unnoticed. Thanks again. :)
2292092.0,I ordered some stuff and when I opened the box that was delivered to me it’s not the stuff I ordered.. what do I do now?
2337561.0,"hi, is the LG 49UJ630V included in your free 5yr breakdown cover offer? Has banner, but not included in the search on offer page"
2414480.0,"Oh, ich hab jetzt nen geschlechtsneutralen grauen bestellt. Jetzt heißt es Daumen drücken!"
1723859.0,"and the front door less than 2 meters away from me? no attempt made by delivery driver,"
1257479.0,"Dachte ich auch 😧 Habe es noch mal überprüft, aber Retouradresse und hinterlegte Adresse sind zwei verschiedene 😧 Neuer Bug? 🤔"
1773834.0,"I've found it, thanks! One other question: When I send documents to my Android app, it gives me an error that something was wrong."
180037.0,The link which you have provided makes no sense.
2592176.0,Wife already called today said they put it as a “high priority” should hear back tomorrow they said
1887420.0,Non ci credo??? Maronna che qualità pessima ultimamente.
435687.0,"No insight, no options in fact, I am now extremely frustrated as I was promised £10 goodwill after emailing CS Have I received this? Nope! 😡"
944164.0,struggling to add money in Amazon pay..help
349614.0,On 6 Oct 4.24 pm package left courier facility n still same status showing
2816343.0,I have received one plus 3t phone 8 moths before but when i am calling Amezon support from app it showing we are unable to find order with my number. There isn’t any other waybto connect to your care person.
2599134.0,"Hey when will this chair be available in Amazon again? Its out of stock now ""Amaze"" Folding Easy reclining household living room padded cushion chair-Red"
287921.0,All sorted. Really put my A-Level French to the test! Thank you!
1014224.0,Yes and I figured out amazon customer service is the master of the run around
420901.0,"I dont know if it is, because I have not received any calls or any confirmation regarding this. If only someone would call me about it."
1499799.0,I have already reported. Read previous tweet.
845726.0,"This was Newly released Twitch merch, unsure if it was directly through search amazon or by a link provided by Twitch themselves"
2198875.0,I've called and emailed and did nothing to fix the issue #done
1150902.0,"Please, where's my order? Delivery was at 8pm yrstdy, got a text at 7:47p informing me of undelivered package #URGENT"
179454.0,"The tracking status hasn't changed since july, it says its on its way, due August 2nd, hasn't changed since."
1939067.0,"I have spoken with your CS team and honestly, have been less than helpful, can’t give any indication!"
1741753.0,Désolé je n'ai pas à remplir quoi que ce soit. Je certifie mes dires et je n'ai plus l'intention de dépenser un centime chez Amazon
2881260.0,Apparently my parcel was handed to me on Sunday but delivery address was an office that is closed on Sundays. Handy. Item is nowhere to be seen. Please help.
381410.0,how many days years n decade to get back to me with suitable reply
2915869.0,"My computer that I bought recently stop working and I have been trying to get something worked out with Amazon.. First I was told that I was going to get a refund, then no..."
1483996.0,"¿O sea que si no dice que me lo entregan mañana, definitivamente no me lo entregan mañana?"
1352144.0,Yes I even had emails saying it's arriving today. Got a follow up email an hour ago saying it won't be delivered and might be in a day or 2
2192524.0,after the first fail yesterday a redelivery today another redelivery with further investigation but what happens when this birthday gift hasnt arrived on time for the persons birthday
2629995.0,how do I cancel my account?
1728600.0,I have already sent a DM 3 hours ago and nobody answers
1824786.0,Something u guys can also do
1255685.0,I have been trying this from morning your automated system is unable to find the order and the call get ended why don't you just call me
222875.0,"Genuine offers, u only gave the offer of free mobile but now"
453169.0,I am trying to exchange an item for the right size - this return window was extended for up to a year for me. Upon trying to exchange I am told you can only replace it with the same size!? Also told the opposite of your websites price inflation policy when exchanging sizes
2515055.0,filled the form still to wait 12 hours you people are joking with me!annoyed with amazon no one cares
2733966.0,"Just tried, I don’t get it there either."
2539029.0,"No, fatto altra volta... ""ci dispiace, ma..."" serve perdere tempo? Tanto poi è sempre colpa del corriere, gli faceste almeno pagare una penale da dare al cliente..."
916560.0,I have posted the relevant concern on the URL you shared. Kindly revert
916553.0,"how can you say that, it was no way offensive , it was a feedback in simple English meeting to your guidelines."
197786.0,"Need help with my order, purchased last Thursday and it has said “shipping soon” for about 4 days now."
682953.0,Colis privé
142872.0,Well as I said it’s multiple but I would have thought if I ordered something from prime today (Friday) at 10am I wouldn’t have to wait till Monday to receive it? Plus I’m in Swansea and the amazon warehouse is about 4 miles from my house 😂
1337165.0,Shared the details.Kindly resolve.
831282.0,If you can't help here..can u pls close your handle.. Its kind of distraction. Thanks
757811.0,looking on indeed and see your amazon flex so download the app as it says and get this? Help
2424635.0,Nothing progressed even after posting details on your link. Will we get this resolved or do we just sit and cry
2311261.0,Fire sticks not working all programs are frozen they took control of the stick and said it was defective. WORST Customer experience ever!
2187375.0,Email confirms gift card purchase £30 On my account it said by invitation only &amp; I checked twice &amp; both times it said I was eligible
318279.0,"If so, I have friends who want to help + I want to set up Amazon Lists. How do I duplicate the same list for several families?"
1343602.0,"The same driver that reversed into my fence, delivered a damaged package with liquid pouring out of it &amp; said I just deliver it"
338904.0,Basically it's not cancelling
2845629.0,"Según lo que se indica en la ficha del producto, fue vendido por Amazon"
480524.0,how soon can i expect a response?
1891374.0,"Amazon is a disgrace,wasted two hours f moms time chatting no resolution, 1 month gone still,amazon pay isn't activated"
2679323.0,Si può pagare a rate?
1687366.0,“Now expected Nov. 7”
1689495.0,Ya estoy jugando y pinta muy bien.
812148.0,I’ve never felt that where I lived was an issue. Thanks for proving me wrong
2367278.0,It says sold by amazonEU s.a.r.l (I assume that’s sold by yourselves)
281974.0,I contacted every possible person but nothing happened
2146757.0,Tried that no e of your operators seem to understand English. One even offered me a discount to keep a cracked tv and only send one back😂. I am still waiting for a UK advisor to call me back. Service is a shambles.
1887376.0,"""Livraison prévue aujourd'hui"" sur le site amazon et ""Envoi prêt chez l'expéditeur"" sur chronopost. Personne ne peut me dire où est le colis"
313865.0,"Please make sure that I receive product today, tr#209115903446"
2631368.0,It's shows my billing address bklyn my shipping address FL ..
513512.0,アマゾンさん 今到着しました。おおきにー♡。ありがとう。
1550765.0,既にしました、待ち時間40分でした
1412363.0,"Merci pour la rapidité de l'envoi, Amazon toujours au top mais certains livreurs c'est vraiment pas possible ='("
156685.0,"sur Amazon il est ecrit ""Colis envoyé au transporteur, en transit."" et sur le site du transporteur qui est Colis Privé c'est ecrit ""Votre colis a été expédié par votre webmarchand, mais n a pas encore été pris en charge par Colis Privé"""
503525.0,"Just need to improve in your logistics services, Kindly share delivery boy's contact no so we can followup accordingly, I hv very bad exp with they never update movement, their customer support is worst.."
2806642.0,shipping is really getting bad. I’m looking in to
1349174.0,I have been sharing details gor 3 weeks now.
1553313.0,I have DM'ed you all the details. Expecting a call back from your service teams
1129308.0,D'accord donc c'est lui qui marque rapide pas vous. J'ai mon explication 😅
1409083.0,No it was not related to this order.
230077.0,いえいえー･:*+.\(( °ω° ))/.:+
2603139.0,I already wrote but today I was denied help.
304637.0,Doing this for the last 5-6 days. Do you have anything new to communicate today?
1273411.0,Re bonjour dites on fait comment quand on a payé une livraison express et qu on ne reçoit ni la bonne commande ni la bonne taille...
1557998.0,"Bonjour, est-ce que je peux renvoyer un produit déballé mais complet avec le droit de rétractation ?"
222701.0,Do u understand how it could be SP issue when it works good on laptop with same SP. Tel me dat u can't fix it so routing it to others
2625657.0,If i pre-order a item that hasnt been released. Do i get charged as i order it??
1265150.0,"No, the order status got updated to “preparing for shipment” with estimate of Nov 1-3. No explanation."
2338186.0,also unable to post review. Invested hard earned money. Wanted to gift To mom on Diwali. #patheticservice
307192.0,"Ok, I filled it out."
1215535.0,It says it’s ab
737222.0,Y me llamó cuando se iba 😱. En me dice que contacte con el Servicio de Atención al Cliente. Sois vosotros?
1424186.0,"The package has arrived hyd and it's just 3kms from my house, we still have chance please make it out for delivery"
1123586.0,ohk..sorry for lil misunderstanding i have DM my details mail id phone and address to is there anything else i need 2 do
2864672.0,In the middle of one of the worst customer service experiences ever! used to be the best. Now lost packages and reps who do not have English language skills enough for a conversation.
526150.0,"Yeah i have already tried, nobody can help and it was just a waste of time."
649626.0,I was supposed to receive a follow up email today. Nothing yet. No response on this tweet either from
89085.0,Thank you AZ ... please see below.
260824.0,"I was notified this morning that an order was arriving today, I've waited and waited, nothing."
1135146.0,Please look into it urgently. It's been a month exactly and I've already paid but no communication from your end!ORDER # 171-9162803-4161918
1435733.0,If you want to talk to me then look much contact number under order no. 408-4627515-3841107
2764416.0,after connecting care team they are not taking request and giving 4-5 wrking day waiting for resolve after 5 day refund not receive then again the same story repeat to another executive thenthey again taking request &amp; result is the same not resolution after frustration I hd tweet
2349564.0,"Apesar de não ser meu estilo preferido, eu curto muito alguns livros sim. Junji Ito em especial, porque dá mais vivacidade ao terror cósmico dele que é arrebatador &lt;3"
2752038.0,"I read the FAQ, where it said to wait 36 hours. If it doesn't show after that, then what?"
2569157.0,Voilà qui est fait... et maintenant ?
1100567.0,I just ordered item since I was assured that I ordered from amazon. If anything wrong happen from my end I would accept it but if description of item is wrong and then I I will have to return I won't accept this. It should be between amazon and seller not customer.
1413183.0,"Yes I have a parcel from you, but I didn’t order it &amp; there is no Mrs Hysted."
440499.0,Le dessin! Mais le matériel est chère! Je profite souvent des promotions sur Amazon ! 😊
1353437.0,"Subtitles for 'The Town' are out of sync, about 30 seconds behind. Please fix. Tried different platforms."
1340598.0,Nope it says not yet shipped. Same item says if I order it today expected delivery is the 29th. Doesn’t make sense.
2135622.0,I've given u d tracking number. Y'all need to sort it out
977757.0,Dear sir... I buy from Amazon...I didn’t know or wanna know about sellers. I spent ₹40k at Amazon. So for me accountability lies with Amazon
1439152.0,"have you hired some foolish, liar &amp; arrogant executive? as i've talked some them like Sahil &amp; Somesh ."
1384181.0,"eu fui efetuar uma compra, mas não consegui parcelar"
538625.0,"Dites et , c'est normal que le colis arrive écrabouillé avec les emballages contenus aussi écrasés ? Donc en fait, si je gagne 1€ (premium refusé) à ma commande, on passe en mode ""on casse tout"" ? super mes cadeaux pour enfants..."
579098.0,いえいえ！こちらこそ丁寧な返信ありがとうございます。 いまから、ロア視聴しようと思います！楽しみです！
2948064.0,La voisine est venue me remettre le colis en main propre. Au final tout est bien qui fini bien. Merci d’avoir pris le temps de m’aider !
45529.0,Your amazon.in Order #402-0091077-1944373
1591538.0,what's the point of having prime if the guaranteed 2-day delivery actually means 3 or more.
1252962.0,"Order no 402-5367607-1378703, product picked up 3 weeks before, refund still not processed."
972858.0,先ほど無事配達されました。大丈夫です。問題ありません。
236638.0,Delayed Delivery even though when the product was to arrive yesterday #amazonstrikesback #Amazon
2967717.0,Is there a way to make your customer service representatives understand something very simple? I'm on my sixth attempt and the last reply I received they simply lied to me. I can't believe they are treating me so badly. #EpicFail
2263210.0,こちらの「Amazonプライム会員情報を管理するにアクセス」しても、「家族会員の登録案内を送る」が見つかりません。
382560.0,"Now YOUR website saying the 17th, 5 days after his birthday. You are supposed to be sending me another one but I have little hope."
2938353.0,This is my worst experience with you.I had to face huge troubles from Amazon. I've talked to your customer service a lot. You have returned my package back. At least you should have informed me.I wouldn't have expected more Completely disappointing trade this time.
726150.0,1/2 took it to one plus service center where it was reveleald the product was not orignal and they denied servicing it
462509.0,what’s the point of paying for prime to get same-day to two-day delivery when my orders always take 3-6 days to deliver?!! Thinking it’s about time to cancel.
2824770.0,Complaint raised around 45 days back that not getting subtitles while watching movies with Prime Video on TV Still not solved
23966.0,I have sent an email as the same thing happened to me today. The delivery attempt was never made.
2497660.0,That's bad.. i guess outage would be much higher if GoT had been delayed for 3 weeks. Disappointed. Anyways thanks for revert.
2139301.0,"If I’m not in the US right now, is there a way to contact them?"
2621092.0,Received Amazon Pantry delivery with a broken seal. Would it be okay to use the product? 🤔 #India
1721635.0,I wasn't born on this earth to sit around waiting for you to ring the doorbell and pick up your defective items
707394.0,"hiya, package was due “by 8pm” today and hasn’t turned up, no tracking updates. Phone# for carrier doesn’t work. Can you help?"
2613158.0,I assume this is a spam email as I have not subscribed to Amazon Prime?
2530448.0,12 Days! I want this Rectified Today! i have waited too long for this
463404.0,Thank you. My question is can I only get one type of box ever? It’s not that clear in the terms.
2318865.0,"I ordered a book this summer, it says that it was delivered on November 7th, I'm in Rome, what should I do?"
253360.0,"I didn’t get anything, could you please resend"
1288872.0,"Merci, c'est déjà fait 2 fois. Qualité des réponses désastreuse. interlocuteur lit la procédure. Vous ne pouvez pas offrir un tel service..."
1604106.0,To remind you my number is 07834 350503. Need someone with English to call me though.
1384831.0,"Really? Tried doing that. Your support team is no good. The product is listed as ""not eligible for return"". Is this a joke?"
369274.0,is there a reason why I can't buy Boruto Vol 2 Kindle edition?
972687.0,I asked you to initiate transfer of amazon pay balance to my account. You didn't answer the query.
1547265.0,Once again AMAZON PRIME FAILS to deliver the next day #wortlessguarantee
1811319.0,What's your phone number?
378671.0,there is no such option to avail the Invoice
386853.0,"Non, je n'en ai pas"
1050768.0,"complained twice to your team, and also sent an email to you on __email__ called also your porter a lot of times"
551916.0,"Hey , should I shop elsewhere this holiday season, JIC? #AmazonPrime member asking..."
399094.0,Fuck u ... don't hv that much time u need some serious legal battle I think..
1337138.0,"Les problèmes sont réguliers avec votre prestataire Colis Privé, et c'est très problématique. Même La Poste fait mieux, le comble."
2767595.0,Merci 😊
322270.0,I've done delivery feedback but have not yet called as I am getting ready for work so was going to call on Monday
1353523.0,"Buenas tardes, contacté con el vendedor y me ha contestado lo siguiente:"
1823888.0,"&gt;moment. Our Customer Service Associates are working hard to respond as quickly as possible. You may prefer to contact us by e-mail."" Makes&gt;"
439113.0,"We are not dealing with your sellers, we deals with Amazon. Why you regards with such a fraud sellers. It seems ur sales are just show-off"
86119.0,"Just found out UPS showed up and left a notice about me not being here to receive the package, they did not even ring the bell."
882992.0,FYI
280361.0,"Hey people, seems your shipping service does this frequently. Item shows delivered, but not yet received. ID 919110109865"
648460.0,. still no calls or mails .. super service ... pLEASE improve ur social media service
1223019.0,Whats the update
861850.0,"I’m on my fifth CustServ rep. So I you can help, what are the limits for Send to Kindle? Some are going, some are not."
155090.0,"Como sé que lo está? Según yo si, porque entro a con la misma cuenta que tengo en Kindle"
2823976.0,"Cher pouvez-vous m'expliquer pourquoi depuis quelques temps, vos suivis de colis sont devenus complètement absurdes et on ne peut plus rien tracer ? Même en allant sur le site du transporteur que vous nommez il me sort ""numéro de colis introuvable"" !"
1403333.0,Is this legit __email__ it says I've ordered an item £60 to b delivered 1000s of miles from my home
1390027.0,I just want contact no of delivery person.I will collect from that person.Dont want to depend on u guys
180728.0,"Pas pour l'instant, mais c'est Colis Privé le problème dans l'absolu, pas vous. Merci."
353242.0,Sir my no. 9694538533 please call
2883404.0,Registrd a complaint with Amazon long back. Sent so many emails yet to get a resolution.U assign new analyst evrytime who s unaware of d background nd only replies just fr d sake of it.May u plz intervene and close dis case.Let me know hw can i share more details here
780869.0,I dont know how repeating the same thing multiple times helps. Have put in mails as well
1494804.0,"""Verschlossener Ort"" - bei einem Studenten Wohnheim mit 100+ Bewohnern,wo sogar die Haustür meist noch offen steht. 🙈"
1363814.0,Funny Delivery. Still Not Arrived No refund and Amazon Told me. wait For 2month.
332745.0,"Ne, Funkstille."
1684541.0,Done that yesterday
1650787.0,"In spite of escalating so many times you still assigned the products to ""Gati"" again and made my life measurable.😠😠 It's been 25days. 👿😈"
2061590.0,I have. All they keep doing is sending me a link to reset my password. I have called 3X and spoken with a supervisor who assured me this would be fixed within 24 hours. That was 28 hours ago. Another associate just told me to make a new account. /facepalm
1352872.0,Im currently in croatia...so no I won't be ringing anyone. My husband is trying to sort it as you've also said that I took his parcels too
1452878.0,just got an email saying there has been a problem. So why do you advertise and why have I paid £5 for next day delivery?
1252000.0,"Dear , I really just want my videos back..."
278697.0,what is the status of my order..Why have you not initiated refund
734122.0,He estado hablando antes por chat en el soporte y no me han mandado la copia a mi email ¿como la recupero?
670439.0,"Have already done that. - this is what I had referred to earlier. Instead of customer focus, empathy to get to a resolution, I see bureaucracy"
2378988.0,when I ask Alexa this price it says it’s $23.48
1222630.0,my email id is __email__
422982.0,Yes __email__ is my email id
279972.0,"details sent and order ids are #406-0364172-5017979, #406-3026716-1359551, #406-3768465-7181969, #406-5134910-4823506 etc"
1331169.0,alrdy replied back to that mail rcvd on 28th. after that no mail from u. so tell whats the next course of action??
787560.0,None of which apply to my current problem.
2929575.0,Bien sur : et
832622.0,No not yet - very poor service again - 100% record of failing to deliver on time for me!
2529993.0,"Ich habe noch nichts erhalten, und meine Paket Verfolgung ist 'gefreezed' oder was auch immer, also kann ich dazu leider nicht viel sagen, abgesehen davon, dass ich ich nichts erhalten habe"
2632961.0,"I have sent an email to Amazon customer service, finger crossed I get refunded."
2104996.0,"Was told they would look into it, kept me on hold for 20 odd minutes (45p charge per min) and were meant to follow up with email. 3 days ago"
13130.0,I had replied almost as soon as you posted about the email and sent it. I want to know what action has been taken on my complaint.
1034268.0,Yes!
1421953.0,I have filled it twice since morning. Nothing happens. Just an eyewash.
198707.0,You people think this is a joke here? I need to report now so that I can deal this more?? Please get back my money can you?
1240486.0,"リプライありがとうございます。パスワードは恐らくですがあってるはずなのです,..,。でも忘れたのかなと思い、パスワード再設定のページに飛びましたが、メールアドレスを変更してしまったせいか設定時のメールアドレスをいれても確認がとれないと出てしまいお手上げ状態でございます。"
1133018.0,"Received a wrong product,asked for return,nobody came to pick up,i kept asking,nobody came,obv return period crossed(1)"
554587.0,Thank you! A cranky toddler is...well it’s easy to imagine.
139961.0,Ça réponds vite chez ^^ C'est une visa mais je sais que ça ne vient pas de chez vous juste qui fait une carte non fonctionnelle et ensuite accuse les commerçants.
2569694.0,Gibts diese ganzen Zahlen auch irgendwo auf der offiziellen Amazon-Webseite zum Nachlesen?
2092673.0,５分ほどしたらメールが来たので、荷物を受け取る事が出来ました ありがとうございました
328432.0,i did and cannot find it anywhere ☹️
2643037.0,ayy lemme DM you about some shit
277058.0,Current circumstances may cause me to cancel my prime subscription. I'll definitely let you know if the delivery doesn't show by the 18th.
694366.0,"Hey I have sent the details but the problem is ur concern team is keep ranting about the courier receipt and I don't have that receipt ,I have already shared the reference no"
2103064.0,I️t was AMZL US. Can we get it same day delivery back today?
1152715.0,le transporteur étant amazon logistics c'est encore plus long que si c'était la poste. inadmissible. prime = service sans intérêt
763598.0,I checked junk. I sent an email earlier via the site but still haven’t heard anything
322598.0,No solution to the problem yet. Not satisfied at all
1600143.0,Amazon hs crossed all dedlines &amp; till now item hasn't been dlivrd they don't even hv an idea whr it is?It's a prepaid ordr
105126.0,Your customer services people talk to customers like they are talking to children ... you dont have to patronise me... I am really tired of this... I want some answers now! Everytime I speak to your CS I have to repeat the whole story of how my phone was stolen by your guy
2773029.0,You mean I have to choose either 1 or option 2 ? Even though both are irrelevant?
2760375.0,The original date was October 11- 25th
2280494.0,"Hi, I bought a phone case for my son that he know longer needs but he got rid of the packaging. Can I still get a refund without the box the case came in?"
1373694.0,second time in a week that a package was supposedly out for delivery and then all of a sudden it’s not coming for days. #fail
2766282.0,"No, no reason at all."
1171390.0,Gracias!
958813.0,yes - by 4 days so far
2347770.0,"Comprei essa belezinha aqui! Primeira compra e já muito satisfeito! Se teu hobby é entregar rápido, não vou te criticar. Tá de parabéns 😂😂😂"
293345.0,Thank you so much Amazon😄
1322589.0,My delivery is done.
465174.0,ow - after 2 hours 30 minutes... service agent nr 10 has the brilliant idea to reinstall the app.... can you have someone call me with echo look style check app knowledge friday 10 AM PDT?
2679199.0,too big to care about customers! #patheticservice #cheatingcustomers
440340.0,Look what your customer executive say about replacement/return policy of mobile.
1005980.0,First chat u issued the replacement but didn’t say a word about how to return the defective. said amazon locker needed. ~35’ &amp; 2 agents
179318.0,"I have yes, nothing there I am afraid. Getting frustrated now."
2573792.0,can you help?
2836901.0,"No, I see that many videos online I just assume that's pretty standard for Amazon."
64228.0,"I return my order by DTDC courier that's the courier receipt, Amazon India say you send your product on courier than Amazon pay your courier charges My total courier charges is 170 RS But Amazon India refund only 40 RS. I requested you Pay my 170rs as soon as possible"
230165.0,I cannot fill the form again. Keep the money. Enjoy. #
74588.0,Hi. Could you please provide an update. Would be useful if you could let me know by when I can expect a refund of the money for which I received trash.
2567005.0,"trying to set up my Mother’s Amazon Fire Stick. Brand new TV, how can we fix this?"
2824666.0,Tried chrome and internet explorer. Same problem.
801036.0,"Thanks for you reply! such a shame, being world's largest online retailer, basic customer satisfaction and needs are not provided by you!"
676114.0,"So if i can watch from my firestick in Ireland why does it not work? Ive been onto a sos agent and he had me online for ages but couldn't figure it out. So whats wrong? Why am i getting an error on my stick, netflix and everything else works."
2853634.0,et si vous installiez des Amazon Locker en bas des immeubles ?
2308628.0,"Iphone 6plus, also via safari"
1437433.0,your company cheated me in India. Took money but never delivered the product &amp;nownot cooperating
922702.0,"I have contacted them, they are plainly asking to wait for it, regretting ordering in the first place now...sorry that I trusted amazon"
1089762.0,Not received any email from you..
401608.0,"Would like to thank Mr.Ankit P, one of your CS executive for providing an excellent support even at stroke of midnight"
1886108.0,See amazon in the first tweet itself my email id was mentioned. What else do you need!
1406575.0,"returned my order n sent you courier bill copies,when u gonna initiate my refund? email : __email__"
803012.0,Why i should pay 10000 more for the same product
431167.0,No mail has been received.. big time frauds.
238901.0,You guys are plain foolish!
2439632.0,"I'm paying for a service which I has a huge failure rate, tbh. Every month I have items that do not arrive when promised. What exactly am I paying for when I'm paying for 'guaranteed' delivery? And this time I still don't have the item!"
2488542.0,"It's error code 5005, which is sign in/sign out error according to your help page. Already tried factory reset"
1406545.0,"Yes, three times actually."
144102.0,"Fatto, grazie mille!"
1287008.0,Ah ok - can I DM you a screenshot of the email you sent to me so you can check? There’s no Credit Card details on it.
2628844.0,I don't see that information on the order details page
181162.0,"Whynot simply u connect me with ur BD team, which looking after merchant on-boarding project ? Why r u making all these excuses"
2873231.0,", my son put in an order for digital content about a half hour ago (or more). Still says ""pending"". Are you having an issue?"
490556.0,"It was sold by Amazon and shipped by AMZL US, which I'm pretty sure is Amazon Logistics. So this one is on y'all."
2830631.0,you cancelled my order 😣
1565072.0,"Still no Hulu on Fire TV. And no response either. Deleted files, emptied cache, &amp; reinstalled. No go!"
1608071.0,Amazonプライムで楽しませてもらってますｗ
1258974.0,There is nothing in the mail and I need my product or replacement since it is your fault/Please call me 9910415115
2539008.0,I bought 1 plus 5 four months back 1500 cash back offer from SBI card. That was suppose to credit in my account 30 September. Still I am waiting for that amount. While trying to connect with customer care there is no response. Kindly help
2640937.0,The last two have been USPS--can't remember what the first one was. I tried calling them but can't get any real info :(
2150944.0,"Replied to that mail, but Amazon is so desparate to cheat that they are neither refunding nor responding to those mail even more than 24Hrs."
2823162.0,"Hubo un problema con la tarjeta en un pedido que hice el 18 de Noviembre y me pidieron un estado de cuenta para desbloquearla, ya mande el archivo pero aún no me responden nada y ya pasaron como 4 días cuando dijeron que responderían en 24 horas"
1427952.0,Thanks for the prompt response. I wish I can get the replacement like that too. The form is dully filled. #poorservice #CustomerExperience
1159092.0,Order Id 405 44029023485951 - They haven't delivered my package yet but have updated as the product was delivered already. 🤷
2449405.0,公式さんご連絡ありがとうございます。こういった悪質なものが多発しているようなのでAmazon利用者さんに少しでも多くの注意、呼びかけをお願いします。安心して利用したいです。
2940270.0,Is the reloadable gift card physical.I'm trying to understand the concept.
794480.0,Sent.
1500700.0,5__credit_card__ le numéro de ma commande
322017.0,Filled the form
431209.0,Which email? What reply you want? Tell me. Tell me now.
973496.0,"oh i didnt even realize that was a possibility, I'll do that on my account right away thank you"
1519029.0,"queria poner una reclamacion, he pagado un pedido express(es urgente)y me tenia que llegar hoy y se ha retrasado hasta el dia 9"
1044306.0,"Tried both chrome and internet explorer, have also tried it on my computer and phone. Its still not working."
1460541.0,Danke 😄
1589550.0,Yes but checking the status of the delivery says it will notify me when OR IF it will be back in stock
1083855.0,Nope. And I would expect if there was a delay it would be here ASAP the following day.
224235.0,this is going on since last month...now the court will talk to you
2935861.0,"Please do not let my package 1ZA0918R0394607256 be placed in the hub today. Please continue to deliver to my ""Front Door"" as MyChoice says. The Hub is not my front door. My front door is Apt 1191, 8800 N IH 35 Austin Tx 78753. #amazonhubscam"
1598861.0,They changed delivery date to this:
2105743.0,You can check out my order details. (408-9194083-1583519)
180932.0,I am located in Florida. How on earth is this acceptable for a 1-day shipping order? This has happened TWICE in a row both 1 day shipping. 2 weeks to get 2 orders with 1 day shipping is ridiculous..
1410756.0,"i can't find the ""instant pickup"" on my app. carrier is verizon :)"
2184532.0,"The parcel due on Tuesday to Amazon locker, wasn't delivered, tracking updated after 11pm saying location closed. Same thing yesterday Parcel is 2 days late. My worry is that the parcel will be returned to Amazon if not delivered today. Drivers deliberately holding on to parcel."
2521751.0,confirmed was updated. Happens frequently. Amazon app will not allow kindle purchases only samples. Mobile browser allows only if logged out
2449366.0,"i have already contacted ur customer service using the options on that page and did not get a favorable response, like many times before. This is not the first time this has happened. What are u going to do about it?"
236215.0,I called an 800 number. Talked with someone who said they were resending. That was 6 days ago with promise it would be here by Wednesday.
2897597.0,"I ordered two copies of one item, it is sold by another seller but fulfilled by Amazon, I ordered one of a different title which is sold by Amazon, and I have received the free digital version."
960144.0,&lt;img&gt; elem in html has src url pulling from an URL including the email in which I've received the phishing.
2910327.0,En amazon.es
910750.0,Not a clue. No reason given in the email. The order hasn't changed from the times given last night. Hopefully the driver is accounted for!
2642025.0,what is the point of having Amazon Prime when your next day shipping package gets rescheduled to come later?
627755.0,Hahaahahahahahha NIce Joke you guys will work on the issue that too for a customer
1521744.0,My order details
2954382.0,Fullmetal alchemist Melhor da vida rsrs
979508.0,Are you seriously kiddin me? This is your response! Such pathetic customer experience. No discoverability whatsover. Is this gaming for you?
509390.0,"Dit , lorsque j’ai validé ma commande je n’ai JAMAIS donné l’autorisation à ton livreur de donner celle-ci à un voisin !!!!😡😡😡"
150578.0,"long does the return process usually take after receiving items back? I sent back 3, but only received refund for 1 so far."
317639.0,Where's my package at ??? My package was late for its 2 day and now have an underliverable today. At least give me my money back
863879.0,Hey is there a way I can see why my package has been delayed?
1188159.0,my order has not arrived...which means no one-day delivery...which is the only reason I pay for #AmazonPrime...money back?
454584.0,"I just tried it, but does that mean I have to try those features again? One of them (shipment notifications) I've been using my entire time with prime"
889501.0,"I have already ordered a physical copy, I just wanted to know if it is eligable for autorip"
1366044.0,Still waiting for the promised refund for an order I NEVER made. Amazon have stolen my money. Disgraceful behaviour. Thieves. #Amazon #AmazonUK
396900.0,"Nice way to treat ur prime member! U broke ur prime one day guranteed delivery promise, didn't deliver the product &amp; now bothering customers"
415709.0,You are in competition with #RaGa in term of stupidity. You yourself process return and shockingly received it as well #Pathetic 😁
542093.0,consegui criar uma nova conta usando o e-mail. mas precisava saber se o pedido anterior foi cancelado. vocês conseguem olhar por aí? 702-0151740-8253029
2769005.0,. tried many times to call but no no chance ... What a pathetic service guys ... U won't last for long if u will be like his in India .taking money and not delivering even after a month
1279011.0,"🍾ouhh enfin, après mon goûter, et mes devoir j vais pouvoir y jouer 😁 sans rancune mais la prochaine fois j vais le chercher direct en mag"
1284482.0,it's not my roku or Internet connection. It's your update! Seriously considering getting ride of #amazonprime disgusted
2777360.0,IMPOSIBLE CONTACTAR CON LOS IMPRESENTABLE DE CORREOS EXPRES NI X TELEFONO NI VIA WEB....GRAN EMPRESA DE TRANSPORT! Y GRAN Sat D AMAZON!
521654.0,What about for devices purchased in US ☹️
2337551.0,Ridiculous ! 25th!! Ordered on 18th. What am I paying for exactly with prime?!
812186.0,When I will receive any update from your team. Any tentative day or date.
1027528.0,Can you Call me ?
641713.0,"Dès demain. J’avais espoir qu’il passerait, même tard."
527150.0,yes has said dispatched for weeks...
1195798.0,"U send a product which never switch on, and won't accept a return for it. What do want me to do with it? 1/2"
22537.0,Undeliverable. Which makes no sense because my first package was easily delivered at 2pm but this one wasn't at 6pm?
2943158.0,"Non, je n'ai pas signalé l'incident au SAV, je viens de recevoir votre mail indiquant que la livraison n'a pu se faire"
136828.0,"Ordered Fire 10 Tablet on Prime, delivery delayed, contacted support they said wait till tomorrow. Checked status this morning ""Returning"". Contacted Support ""You will not receive item any more"" ""You can order again when back in stock, will refund"" At full price."
96724.0,"placed an order, paid for expedited shipping. Wasn't delivered by 9PM as promised. How do I request refund of paid shipping that didn't happen? Thanks."
909881.0,I paid extra for delivery by 1100. It's already 1120. What's the point of overpromising and not delivering ??
2575209.0,C10048884103
569179.0,"No, I checked my orders. It is very frustrating"
2405217.0,attached here. was working fine till yesterday. Having the same error on chrome and edge.
1279852.0,"40 MINUTES, NO UPDATE."
351673.0,"I wasn't, both members just said they'd attempt to have it redelivered and apparently passed my number on but I had another parcel-"
170914.0,Please re read my tweet. I cannot login or change password. Link provided takes me to a login page??
2891818.0,I cancelled an order the other day and looking at my bank account this morning i noticed i was charged twice for the cancelled item
290439.0,...and I shared the required details an hour back. Please check.
734134.0,Merci. Je ne comprends pas. Serait - ce un refus de vente?
724255.0,And I’ll be a school teacher. So should I renew my student prime and then just switch over to teacher prime? Or is it even a thing still?
1560840.0,your a joke why has this happened? Again? I'm making a movie and I need this Tripod! (#amazonprime)
1565936.0,Apparently my batteries got damaged in transit after going missing for 2 days. I've had to have someone wait in for 3 days for this delivery
2872484.0,"this is what you call service???? One day delivery order, delayed and then you cancel rather than solving the issue. Highly unprofessional service"
1843531.0,When will i get an update timeframe??
1490275.0,"The delivery was estimated for yesterday (sat 25). Now it says ""Now expected November 26 - November 28"""
1117742.0,Oct 23rd
1345921.0,Je ne sais pas qui est le transporteur.
685756.0,Very unhelpful.... I don't understand i purchased it fro u why r u delaying ...i purchased from Amazon not frim seller... If i needed to purchase from seller i would have went to my local mrkt.
483703.0,"Si, doveva arrivare oggi, e per l'ennesima volta mi è arrivata la mail di scuse dicendo che non sarà consegnato. È ridicolo."
1494773.0,why has the data storage access setting been changed so it overrides the user chosen setting? Latest version for android.
2309747.0,Can you please stop this type of FRAUD deals???
1815048.0,That still does not help the fact that it wasn't here when needed.
2770739.0,"Habt Ihr jetzt Mitarbeiter von angestellt oder wie kann es sein, das mein Paket bei einem Hausbewohner abgegeben wurde? Welcher Hausbewohner? Keine Nachricht, nichts! Aber vorher bei mir noch klingeln!!! #Sauer"
708513.0,"Sorry, it was fulfilled by yourselves, sold by a seller but shipped by you"
535691.0,Weitere Lieferung #AmazonLogistics 02.12.: Korrekt zugestellt. Stand: 1/3 #PaketDezember
531606.0,Dificil decidir 😅 pero entre el 3 y el 4!
572400.0,It is 12 hours now... How much time u want
2115534.0,Amazon shipping! I need this for today!!!!!!! Hence why I made sure I ordered wit Prime!!! I go to Portugal for 2 weeks tomorrow!!!!
986380.0,"At the moment I do not own any Alexa speakers, but I am considering buying an Echo Dot from AmazonDE. I currently live in Poznan, Poland."
2290853.0,Sent - please check !
227340.0,"hi can you please help me with an order,was supposed to be delivered last week. i have heard nothing.Order # 202-7681031-1243508"
2822326.0,Delivery anytime up to 10pm today. I specifically requested the morning today. The order is a day late already. There is no point paying for designated delivery on Sunday when the order arrives anytime on Monday.
742398.0,"Can u tell me how to replace, what should i do for replacement, any link for replacement complaint. Help plzz"
2882570.0,"Texas, USA so I guess ."
454552.0,No I took them out the box feeling confident they would be fine as they had been delivered with such care &amp; wouldn’t need inspecting. Amazon Customer service in Manila couldn’t give 2 shits about the problem because 4 days later still waiting for a manager to call me back
1661406.0,just yourselves so far! What are the next steps?
1514348.0,And on the 5th call I was told that none of my previous complaints had been registered or processed as I had requested. I waited for nothing
1405292.0,They said that it would be here by 9pm guaranteed. I just had to contact them for the 4th time who said it will be here tomorrow guaranteed.
2126773.0,"Nein, ist nicht hinterlegt. Ich heiße Michael, der Name ist auch gespeichert 🤷🏻‍♂️"
1273514.0,"yes, already contacted number of times but no help is provided there. Hence I had to come to you."
575905.0,That looks like your generic customer service page - is that also your Echo team’s contact site? Do they have a Twitter presence?
668455.0,"Hi I’m here, do I click return/replace item?"
2142986.0,Did that already. No response yet.
1490343.0,It says it was shipped with lasership.
2802376.0,今後もKindleとAmazonは自分の生活で有効活用させていただきます。
58152.0,Seller Support is helpless &amp; we can only get template copy+paste replies from them. Genuine concerned are being ignored like Garbages
379145.0,wow I ordered smthng and it shows delivered. Best part haven't recieved or signed the same. #pathetic #amazonin
1554925.0,Ouais je l’ai reçu jeudi et c’est écrit livraison samedi donc aujourd’hui la poste vien de passer et toujours rien
2449427.0,nope. Not my orders. Not purchased from my wishlist. Hence the creepy!
77593.0,then why you unable to change the order status LOST which is showing Delivered to me. Indians are not fools. Please stop making...
2025524.0,No. You just promised a 4 day delivery date at checkout instead of the 2 days that I pay for every goddamn year. This is a LITERAL RACKET
1075167.0,I ordered a product on the 7th of October expected on the 20th. It still hasn’t arrived. Can you help please?
1007035.0,Yes it has the Add-on item tag
535810.0,Direct from you...now 15 days exceed and you r saying your bloody police that it can't be replace. But I will replace you by flipcart.
871109.0,I would rather chat please. That link doesn't allow me to do so
2753597.0,"Dear Amazon, I am chasing you from more than a month on customers care, email &amp; Twitter to resolve my Amazon Pay issue as I am unable to add money into it. Screenshot attached Now this is loud and clear that there is nothing professional in Amazon."
840428.0,"Fahr ich halt derweil zum Laden und hol Ersatz, bis das andere kommt😊 wenn sich nächste Woche nichts ändert, meld ich mich noch mal😁"
1239684.0,すいません、スクリーンショットのやり方がよくわからなくて。 メール自体は、ちゃとアマゾンさんから送られてきた、メアド変更のお知らせです。 ご登録のEメールアドレスは（私のアドレス）から __email__ に変更されました。
2475990.0,That is the obvious thing i can do at the end to save my money sir. But whats the meaning of all this? This is not first time sir.. Do i need to do this everytime i transact with you people?
2678049.0,Muito obrigado pela ajuda! Tenha um bom dia!
2510915.0,"Yes , on other phone with same id i can purchased"
111808.0,The replacement is Dutch 😭😂
436931.0,"Q ba, si es imposible ponerme en contacto con ellos, no cojen( ocupado) o no da señal el telefono. Y el establecimientolo tengo a muchos km"
31834.0,"one order was suppose to be delivered by 30th october , still no tracking available for the same as on 1/11/17"
667731.0,"Why ur not delvring in this city,pls delevr item in this place too"
2605239.0,when will you stop using USPS as a carrier ?!? 3rd time my 📦 is late.
754087.0,"Close to 2 weeks, and still pending, for an item that was in stock when I ordered it? Sorry but you have to do better. When will it ship?"
2652373.0,I contacted customer service this morning and was told it was normal for items to be late. My most recent delayed item hasn't been dispatched and has an arrival day of today...
2291059.0,Filled the form 15 days back and received no response. You guys are literally cheating in the name of subscribe and save. User ID - __email__ Mobile - 9841630125
1144970.0,"Gave all the info asked for and was told I'd be contacted in 24 hours, It's now almost the 18th!"
250655.0,So bad services provided by amazone
2301344.0,"Sir., always I order ONLY after seeing the timing for delivery ie guaranteed today or tomorrow. And everytime I receive it on the said time before placing order. I don’t know why this time such problem had occurred"
11568.0,"Si, es correos y pedí ke viniesen a x el pakete pero me pedian ke me kedase o toda una mañana o toda una tarde en casa pero y mi trabajo??"
1279823.0,Hope I'll get a positive response from Amazon.
1539241.0,Sorry! Yesterday* 3rd November.
1217488.0,Highly disappointing i had clearly mentioned i'm nt going2use amazon. i want refund in my credit card&amp; reply is really pathetic
2507231.0,Please can you reply to my DM?
319732.0,Thanks to unhelpful/incomplete information on missed delivery card from Amazon Logistics
1134958.0,donc votre livreur aujourd’hui il a décidé de livrer mes 3 packs d’eau au rdc et mes voisins (ou lui?) ce sont servis
1490198.0,BIENSUR JAI UN SOUCIS JAINCOMMANDER UN JEU YA 4MOIS QUI DEVRAIS ETEE LIVRE AUJOURDHUI COMME LINDIQUE LE SITE MAIS NON VOUS LE LE LIVREE
2601455.0,You’re telling me I have to wait 36 hrs even tho I paid for 2 day shipping and it is now day 3? .____.
1616312.0,リプありがとうございます。今後ともよろしくお願いします😙
752364.0,Pathetic service.till date no delivery or inf.on where is my product.shame on ur service.better r Flipkart n Snapdeal company.
67474.0,Grazie mille! Gentilissimi ❤
2924606.0,Nice customer service. Call in AND GET HUNG UP ON. So you suck at delivery and suck at customer service. You are good with doing business with Nazis and White Supremacists.
465056.0,Don't want to say I told you so...... And this after the Amazon rep last evening assured me that this order would arrive by noon today.
2719451.0,"Right i am aware of that. But i want standalone version of primemusic on my device, not from echo devices. Heard that primemusic will launch for prime customers soon. Any launch dates?"
1983651.0,The irony... I pay for Prime to receive things the next day and then Amazon Logistics doesn't deliver. Didn't happen with DHL.
1690840.0,What do I do if the royal mail are refusing to give me my parcel from you?
222931.0,I will respond.. but where do I expect your queries ?
843124.0,Q logo ko bewkuf bana rahe ho.... In logo se acchi service to road side thele pe hoti hai....
1326933.0,Obrigada!!!
1322918.0,Just says estimated delivery Monday 30th and not dispatched yet :(
2154467.0,why can I not see subtitles for the Chinese speaking part of Mr. Robot on my fire tablet? S03E03 especially.
1305613.0,It was just delivered. Two days later. Which is two days too late. My wife needed the item to play in a concert. Now she has to go without
351008.0,I'm a advertising agency
466653.0,"Hello, request you to process my order 402-6825701-8368361 as I have mistakenly cancelled it."
1474032.0,I pre ordered the game on the 13th June. Now you have missed the guaranteed release date slot. What is the solution for this?
1713149.0,Este procedimiento lo he intentado varias veces y no puedo acceder. Necesito que me ayuden.
971291.0,I ordered a mobile which is defective and I requested for replacement but for last 4 days the pickup is rescheduled day by day.
1380938.0,"Thanks. when I ordered today I chose 1day shipping but order defaulted to 2day. When I asked to fix, CS acted like I was lying."
120181.0,alors il est où l'album de Joke ?
2277538.0,Also I could have driven to Texas and back before this package will arrive. How is still in business
2722676.0,hi I've had an email about renewing my Amazon prime subscription that seems a bit odd. Are there any phishing scams you're aware of?
1499753.0,"Then what I saw earlier is for what? Y not the original price? It shows discounted prices all time on front,y not the increased prices too?"
163655.0,WHAT IS THIS BS?! I️ ORDER A BOOK TO ENJOY EXPECTING IT TO BE IN PERFECT CONDITION AND GET THIS... ARE YOU KIDDING ME?? I️ WON’T ALLOW IT!!
58137.0,my book came like this? :(
1178912.0,"why not make a drop down option. i've visited the url a bunch of times, but shouldn't have to enter new URL from within Amazon. Crazy town."
969136.0,こちらでも正常に動作しています。最高のサポート感謝。
964989.0,So even if u don't have an update within 12hrs will u reach me?
360210.0,Yeah. It says pending there as well. Amazon.jp lists the delivery date. Is it just a Canadian issue?
2670714.0,thought #PrimeMusic will be launched this November as you told but No news about Amazon Prime music in India.? Any update?
1659301.0,written but I am sure Amazon does not care as your manager has changed her statement while I am trying to find a solution. What a team !!
225336.0,I’m using the app on iOS signed in to the US store
2667391.0,"je n'ai pas pu justement, je ne trouve pas le contact sur le site internet. c'est pour ca que j'ai écrit là. je ne sais pas comment faire... merci"
2550260.0,Mention the time please.Amazon earliest is after 1 year.I want the product thats it no rubbish calls from any one coz no body is answerable.
99852.0,"No, he presentado una reclamación diréctamente"
971057.0,"I hate repeating again. I don't have email for you. I have email from customer service, technical support but nothing from social media"
2820470.0,Something is wrong in Amazon. They may be too week in understanding. Am telling COD Removed FM my account.
2148026.0,Ok. Gracias
2896044.0,"On the phone, atrocious. They terminated the call. Haven't had a reply to my email yet."
69929.0,Being a loyal customer of ! Expecting a positive reply on this. Thank you!
2760340.0,予約商品なんでまだ先ですw 待ち遠しいだけです、遅延とか迷惑はかけられておりませんw
1228654.0,"zu machen sein, oder?"
735701.0,Thank you sooooooooo much guys u did wonderful job..i got my parcel..proved again as a best service provider
2464949.0,"Hola, muchas gracias por responder. Como en anteriores ocasiones, esperaré hasta las 8 PM y como seguramente pasará lo mismo (será el 5o envío con esta empresa que no entregan), me pondré en contacto con vosotros para que la entrega la realice una empresa seria. Saludos ;)"
1301261.0,Wasn’t delivered because of “my instructions to the carrier.” I did not provide any instructions.
1286364.0,"El estado dice ""Se envía hoy"" y no veo algun link o boton que diga editar pedido..."
2384121.0,why does my Xbox one x pre-order say they will email me when they have a delivery date? Will I be getting it on Nov 7th
2452826.0,Could you please help me in telling where is the option of paying through Amazon Pay balance? I am buying membership through website.
236637.0,What is this in regards to I have contacted Customer Service still I no help received
153629.0,12 hrs isn’t an acceptable turn around when I paid extra for a delivery today. Please provide me the details to call this evening. This is not acceptable survive and not the first time it’s happened recently
2414453.0,"Si, pero solo me dicen lo que pone el número de seguimiento y eso ya lo se sin tener que hablar con ellos jejejejejje"
2352351.0,are you guys having issues with password resets? I needed to reset my password but I’m not receiving any code sent to my email. Tried multiple devices and haven’t received anything.
2296557.0,Je vous es envoyer un DM
2406903.0,J'ai reçu un mail sur une autre adresse que l'adresse de mon compte amazon me disant la confirmation d'une commande que j'ai jamais passé... (et il y a mon adresse perso dedans...)
867370.0,yes ... its was abt to deliver on 17th and today is 20th .. iam constantly in contact with CS Team ... but getting just fake promises😏
1567481.0,J’ai precommander ww2 pour vendredi il est pas la encore foutage de geule y’a marquer en cours de livraison. Je vais l’avoir que lundi la ..
2720026.0,Si yo pido una figura de one piece que viene de japon se pondra en oferta? Se pondra en oferta todos los productos de amazon¿¿?
444255.0,Yes... U can check urself.. As the time stamp is there in the screenshot...and u ll also get order details...
1572192.0,I'm based in South Africa. I'd prefer to consult via E-mail as my phone line isn't open to international calling!
317934.0,"4487486901 is my case # Have someone in Amazon do their job and solve my problem. I been calling everyday, no solution to my problem."
986211.0,It's been more than 10 days and I am just waiting for someone to help. Losing my hope.
1434129.0,Shall I call or live chat?
110017.0,Want to urge you to enable Kannada fonts &amp; language and publishing of Kannada ebooks on all kindle versions !
2645165.0,How many times i have to say you ^mf that give me the exact date and time on which the product will get delivered. U all are just assoles🖕🏻
2632928.0,"My parcel seems to have left the carrier facility in Manchester early in the morning, but wasn't delivered today. Ordered it via Amazon to be sure we would have it on time, but that hasn't really worked out🤔"
1611015.0,"Hey when is 'sell on local finds' coming to Delhi, India?"
2827348.0,"There is no link now,it was a flash deal,is there a CS number that will allow me to speak to someone who i can understand/be understood ?"
1529902.0,It is a mini iPad 3rd generation
1247314.0,今パズドラしとるけえ無理じゃ
2451225.0,you mean like the usps or ups or fedex? i'm not sure ...if i'm a prime member do they all ship one method?
2162424.0,i haven't got the refund nor replacement for the same.
787892.0,Sent it
1112672.0,"wait. i missed my amazon delivery??? did anyone even ring my bell??????? and when i tracked it, it's not even in my city"
2827378.0,"- this doesn't even make sense FREE One-Day Delivery : get it on Thursday, Nov. 30"
1772655.0,"have prime membership. booked #samsungnote8 . should be delivered today but recieved message it will be late. it can,t happen as will be out of town n can nt recieve after today."
2135629.0,Caught on #NestCam Amazon delivery driver throws my delivery 10ft and into the bushes. real nice.
269802.0,And what is that email?
2812136.0,Lundi 20 novembre avant 20h
1843591.0,We have placed an order with 2 day delivery option It's been 5-6 days and still no news about it. We contacted the delivery man on the date of delivery but he didn't came because he was not in that area and the delivery was postponed to next day but still no news of the product
1645610.0,Pela Amazon
863369.0,"I ordered headphones which should've arrived 9th Oct, still weren't there by 13th, so I requested a return &amp; haven't heard anything else!"
477842.0,Fino a stamattina la data di consegna era oggi
1553277.0,Thanks sir I got my product today. Thanks for your support
522537.0,Never had fail me on a delivery before. But I guess there’s no time like my birthday and my birthday gift to do it.
122782.0,"Do jeito que vocês são rápidos, muito provavelmente no sábado mesmo, mas o prazo é até o dia 28."
149212.0,"is there a completely different returns policy for items in Warehouse Deals? Also when the description says this: ""Item in original packaging. Packaging will have cosmetic damage."" - does it mean the products branded packaging or the outer cardboard box?"
441917.0,Lol u all r getting back to me since yesterday #Amazon #pathetic
2291246.0,"Thanks guys, I’ve received confirmation but it doesn’t mention eligibility for a refund, the account wasn’t used as I wasn’t aware I’d be charged, will I be able to receive a refund?"
682539.0,I keep getting this once a month. What am I buying?
141985.0,I'm having the same issue - 'incorrect password' yet its not. no emails about account being locked. the code you send to reset password is not being delivered either.
2466089.0,still get this after 5 attempts
180623.0,always false commitment. Since 18th Sept I am not getting my product.Everyday saying it will be delivered by today.This is really upsetting.
2296795.0,Creo que llegaré a tiempo...
1719188.0,"It’s ok , you people how fool the customer and play with customer money every one should know about it"
426984.0,I just spent an hr on phone now you'd like me to type and exodus? If you'd like to discuss please DM me or phone call. Thank you.
388436.0,"Esse livro me deixou com uma reflexão por dias: se tivesse que decorar um único livro, qual seria?"
1281150.0,"why does it say ""want it for tomorrow order with 2 hours"" ect, get to checkout says get it on sat..not 1 day delivery at all 😑👎"
347888.0,I won't reply... Its enough. It's high time now.
1370728.0,"Well, it's 8pm, and still no package."
2766978.0,"I have already registered, Just wanna know when #Honor7X will be available in India..😃"
1704084.0,"So my firestick has been doing this for over an hour, how do I stop it ?"
785090.0,my reg no. is 9199992295 and I'm trying to contact from yesterday but call is not forwarding ahead by saying will call back you.
890858.0,It’s your carrier.
1786089.0,"The link you have given asks me to log in. I am not able to log in as my email ID as well as mobile number is not being recognized. Btw, my name is Sandeep Pandit."
2626388.0,“amazon basics” charger not working 20 days after purchase ??
680368.0,Why do your non-American workers claim that there are no U.S. based representatives available? This is an urgent matter!
834410.0,"I already have many times. Through email, chat, and phone. I lost money and valuable items because of mistakes and neglect on your part."
2758919.0,"Thank you! Next question, will I be able to set up FreeTime on the Kindle? Will the Amazon Dot work as a speaker?"
656153.0,"First poor experience with ever. #disappointed After four promises from the rep that my item would arrive, it's almost a month later and the product I ordered (with 2-day shipping) still hasn't showed. Thrown off as I had faith in Amazon."
1955258.0,", this has happened to me earlier also. Your courier guys are shitty and don’t deliver packages. Shame on you guys."
1457951.0,It appears in addition to you not being able to fulfil your promises your call handlers are blatantly lying to me now.
1270998.0,Can you please get my order delivered today? I'm leaving for Delhi tomorrow morning 6:30 Tracking #: 237296135936
1438182.0,new issue... Dot randomly stops playing It's mounted virtually on fridge 3m away from the router
1218232.0,"received a package at my nonprofit with GIFT noted on the shipping label. No invoice, no idea who from. Can you help us?"
420923.0,"Guys, i can track that on my app too. Status was the same yesterday but you folks failed to deliver!"
2419748.0,"Yes, that's WIP with your next order.. next box and she will have a garage too ;)"
806381.0,The original item was on a Sonic Forces page. The order now says Valkyria Revolution but shows a picture of Sonic and goes to the Sonic page
656100.0,"If i do that, i will be unable to use my computer for however long it takes to get a new one, this is the only keyboard i own...."
2317352.0,What account specialist? I’ve only received emails from an automated account.
125349.0,"Só livros! Eu que agradeço, o atendimento de vocês é sempre um grande diferencial. 😘"
1307639.0,I have tried fyi and believe me there are robots replying automated answers order no 171-1034701-8045165 bdw... No option
2325519.0,"I'm not entirely sure, but I wouldn't be surprised if it was older than that. Is 3 or higher the minimum requirements?"
1384141.0,"Amazon DE, I'm not sure how you can help me more than the phone customer service though 😅"
9119.0,"I got it sorted out, after multiple phone calls and failed chat sessions (those were horrible btw)"
1201271.0,produit fonctionne plus après 7 mois je ne pense pas que cela mérite + de 1 💫 obligé de faire 1 recherche Google pour avoir votre numéro 😡
385652.0,Order Details - Ordered on 1 October 2017 Order# 405-4239698-8457130. Please help!
219579.0,2 months since the issue was reported and still not resolved.Has ur team become so inefficient or it has always been like this?
2087173.0,amazon alexa just randomly turns on in the middle of the night without me telling her to.. help
244092.0,Cabe señalar q mis números están actualizados!
2318958.0,Hum... Did you read my tweets? This is about a book I published through KDP. Not an order I placed on the Amazon store. Forget it... Way to underline my point though.
801618.0,Thank you For solving my query and initiating refund I trust you for your services towards customers
2470085.0,"It's amazing it never used to, it was a lot better months back now standard is dropping excuses increase"
1838909.0,I don't need help with it. Just have to wait longer since it was suppose to be delivered yesterday but now it might be in by tomorrow
2614057.0,"I have been using the chat function under contact us and been told every day it will be delivered ""tomorrow"" or ""Without fail delivered tomorrow"", we have raised an investigation with the carrier. What a load of excuse and no action."
1195124.0,Completely agree but the main point is on the product its clearly mentioned shippinh free which means its free
741582.0,#amazonsaletrail held in august month sale trail contest i mean
472322.0,Today the delivery is showing as delayed. (As stated yesterday) how are intending to compensate me for the inconvenience?
1645638.0,no entiendo. lo compre desde amazon
232667.0,And I’ve lost the saved copies of my published KDP books. Is there any way to get them resaved on my laptop from KDP?
1687276.0,hi Amazon. I ordered Sonic Forces last week to arrive on release day tomorrow but apparently it has yet to dispatch?
2666859.0,ありがとうございます。お送りいただいたキャットハウスも外側のダンボールも大事に使います。
2673416.0,Both times they were being shipped to an Amazon Locker so I believe that's Amazon's own carrier.
744127.0,seems thr is no Co-ordination between you guys
56832.0,seller name: ECellStreet Global (India Division) Tell us what more you need?
2752562.0,"If I placed the order Friday and I selected one day shipping and it couldn’t be delivered Saturday then it should have at least been delivered today, no? Cause then that would have been two days..."
388863.0,Order no-407-4421210-3428346 refund was not issued till date.plz resolve dis issue ASPA.
2832992.0,How much time will u take for refund. Pls send courier for collection of product . Call 8989932629
348953.0,Like I mentioned in my first tweet I was assured and sent an email confirmation but still I keep receiving the product every 2 months. Not sure if its a bug in your systems that my order is not getting updated
762431.0,"Le indico por segunda vez , que la reclamación ya estaba hecha antes de enviar el Twitter...... y como no , callada por respuesta ."
536091.0,"Das war vor zwei Jahren, ich habe es damals gemeldet, aber ich bekam nur eine Email zurück, dass das ja gar nicht stimmt obwohl ich extra die Email mit angefügt hatte. Deswegen habe ich jetzt eine Postfiliale als Adresse angegeben."
2154206.0,Danke :-)
348071.0,"Already done that 3 times now and so no thanks, can’t believe I’m getting nowhere with this happy to take my money"
1301254.0,8PM today - shipped mid-day today w/ USPS per tracking. Unlikely to arrive. Nothing to be done. Just been a sad trend w/ recent orders.
2290909.0,"Just checked, the battery is now close to full. I guess a full charge takes a number of hours, in this case about 8-9."
2693931.0,It is from a seller but fulfilled by Amazon. We have now been told it has been taken off sale and stock checked to remove incorrect EU chargers and we will be emailed when this is complete and will then be given a replacement. Taken 2 hours though!
448233.0,No email. Rep said I should’ve received one and that’s all she can say. I was literally logged into my account providing her with the order # to correct info and then got logged out.
129693.0,Alright I emailed them since I’m headed to bed. I’m sure it’s a user error here! Thanks for the speedy reply and hope you all had a happy thanksgiving! 🦃🍁🍗🥧
2437744.0,Leave it.... I cnt do anything
2137939.0,"PSA: Watch for package thieves, it’s that time of year. It happened to me, people home, lights on, car in driveway."
1261873.0,order no. 406-0749005-4977949
909451.0,助かりました！ありがとうごさまいます！
1041663.0,Oh! Thanks for the quick answer.
2853731.0,I want to cancel an order that hasn't been dispatched yet. I asked someone on the mobile chat and he said he wouldn't allow me to cancel one of the items. 3 of the 4 items have now been cancelled. I will reorder and refuse the first package.
271887.0,OMG. Ur incompetence is. Der is no option 4 da user 2 reply. Do u even know wat ur saying / how ur system works ?pls c atchd file #pathetic
420992.0,It should be delivered by today (10th Oct'17). Till now it is not delivered. When can I expect - Midnight?!
343092.0,Upset🙄 it's an used product and dusty too.. You could have taken an action against the seller
667705.0,Then iReordered my daughters birthday gift-ya'll waived the delivery charge so she would get it today-she waited by door &amp; it never arrived😢
166446.0,#JEFFBEZOS have you founded amazon india to cheat and harass innocent people of India??? Why there is no action on bad behavior of customer care?? Be honest!!! Corrupt people can earn money but not respect!!!
1777658.0,Nice - thanks !!
2549450.0,hi guys I just signed up for a trial to slingtv through firetv..and I got charged even though I turned off the auto renewal?
540861.0,Having query Regarding Recharge cashback through Amazon Pay... Can u Guys call me ??
917058.0,that didn’t answer my question
231840.0,"So my only option is to report to police and legal, right?"
951972.0,No wonder my last package got “lost”
2834147.0,Now this is the height of everything.. like seriously?? Your agent calls me and tells me he can't come due to his absurd reasons. And i receive a message stating product couldn't be delivered as i was not available over phone??? 👿👿👿
2548594.0,Can you arrange a call back for me?
2533177.0,not sure what to do here...
467481.0,"I don't have that much time like you people to send u details 10 times, just go n check what was the last update."
865633.0,C'est si difficile que ça pour vos livreurs de mettre une enveloppe dans une boite au lettre ????
2304130.0,can i get the money back for a justin bieber i accidentally bought in 2015?
1277044.0,Hi pls help. I signed 4 prime in frm Qatar. Can u pls check is this valid for Qatar __email__
1714220.0,"Creo que vosotros sois los que tenéis un contrato con ellos, así que vosotros debéis estar pendientes de que cumplan lo que prometeis."
1911638.0,I ordered on the 24/11 and received order confirmation email. I received email from __email__ telling me I need to fax a bank statement verifying my billing address and the last 4 digits of my card. I'm now locked out of account &amp; can't email CS
1610881.0,playing with customers' money wishing #DiwaliMubarak. Not getting proper responses but only the canned ones. #frustrated
1386520.0,Que necesito contactar a alguien. ¿Hay algún teléfono donde pueda llamar? Los mensajes se me hacen interminables y no hay solución.
1392941.0,"No, it’s finding where I can see who the courier is"
2688101.0,just got the Amazon Fire for kids and can’t get it to connect to the internet... just so you know there’s nothing wrong with the internet 🧐
2042071.0,None. All I ever have received from both email and on the phone is a refusal to acknowledge the error of the double charge but my bank does.
2154180.0,Filled up
1012834.0,Pl give your email adress
2422771.0,My screen has an orange frame around it and it’s zoomed in. I can’t get it to stop. Resetting didn’t work. Changing the display options didn’t work. It’s not my tv because sky looks fine. ☹️
2618117.0,"Non je viens juste de m'en apercevoir, de quelle manière puis-je avoir un retour rapide svp? C'était un cadeau à offrir aujourd’hui donc j'espère qu'il y a une bonne raison!! :)"
1240523.0,New story from customer care this time plz call me on my number available on app
1171372.0,Freue mich schon vielen Dank
2841755.0,"J ai imprimé le bon pour le retour. Mais à la base, je voulais faire un échange pour recevoir la bonne pointure"
2480634.0,Here is the issue.
432932.0,"Yes , i did retrieve it, but it was already open, it was an Xbox One S , thank you for responding ."
256675.0,Ya he contactado y después de + de 12 minutos colgaron ... encima soy yo el que tengo que perder el tiempo? Me parece indignante
2452174.0,Did that. Thanks. Hope you optimize it soon.
1457263.0,You were but like I said if I had not checked to confirm delivery I would have paid for something I did not receive
1404000.0,Creo que vendedor externo
1258259.0,"Hey and - why does Alexa app ""Amazon Apps"" show this error when I select it?"
1049134.0,"I have to return an order, but apparently I can't. Can you guys look into it ?"
829544.0,It was supposed to ship LAST FRIDAY. What's the point I'm preordering if it doesn't arrive on the release date? This is not okay.
1566996.0,"can you please quantify your ""soon"""
639599.0,"Thanks. Only the delivery part. I've been receiving text updates saying that it has been delivered or on it's way for 2 days now &amp; still waiting. Spoken to an Amazon rep. that has checked, made a note &amp; advised to call back if it has not been delivered for refund or replacement."
280990.0,了解いたしました。ありがとうございます( ´ω`)
19461.0,I did it already~
2598386.0,"It has been happened twice..the carrier is UPS Tracking ID 1Z306AY10420387834 I live in Bangkok, I was supposed to get the package by yesterday but I still not got. Even this time"
682558.0,Already done
2984570.0,So another package that missed the 'guaranteed' delivery window for a prime user. This is becoming kinda sadly common (40% miss rate in November). Is that acceptable for a prime member?
2400356.0,I have already conveyed my concern via email. Thanks for ruining my phone excitement this Diwali !!
1667763.0,Have done this a number of times. Still not seeing how to organise a free collection....
156758.0,So this isn't a permanent change?
324397.0,Pathetic experience with ur delivery as Order# 406-3337694-5036344 not delivered on time. CSE can't track order
868593.0,Ok. How many working days is standard delivery???
1883390.0,Je suis en maison et mes voisins étaient absents j’ai rien recu la dernière fois que Chronopost mon livré c’était derrière mon portail
2852071.0,"Ich sehe in der Smart TV App nur die Sparten „Enthalten in Prime“ + entsprechendes Genre. Hier sind aber nicht alle Serien dieses Genres aufgelistet, sondern offenbar nur eine Auswahl. Bspw. nur bestimmte Staffeln einer Serie. Ich vermisse die Option, bspw. einfach 1/2"
246358.0,I keep filling out your forms to complain &amp; so far the same damn driver keeps coming and dropping my packages. Video proof &amp; nothing is done
2254472.0,Wow really. Barcode on a pack of 3 cards claiming its 6....
2508103.0,Love when i order something with 23 hours to spare for quick delivery and it still doesn't turn up when its meant to :))))
2447450.0,月５回はお世話になってます🙇🏻🙇🏻
388369.0,The reason is that only the Person who paid the sending label can ask a claims..
2380878.0,Tracking #: 521679562359 delivery date 13/11/2017
426333.0,"Very disappointing,the way Amazon customer service is responding seems they intentionally try to cheat me requesting for a help."
1413407.0,really pleased that I pay for prime membership only to have a delivery updated last 15 mins to expect in 3 days - shocking
96852.0,can you stop using your own horrible delivery services? 1 package arrived fine 1 package missing. Complete garbage.
1044249.0,I ordered two amiibos and only one arrived (chrome and tiki): is this normal? Or what happened?
181313.0,"i've also gone ahead and contacted the show licenser: about this issue, in an attempt to get this fixed, ASAP"
439807.0,"Your own CEO's words, , and you do exactly the opposite. Wah! Customer first and be patient, , really, mate?"
2288204.0,Hi I ordered something earlier and it’s charged me another £2 on top? I thought the prime student trial was free 🤔
2954290.0,"Yes, some of my stuff has also been delivered dented on the inside."
951952.0,No item will be exchanged in Visakhapatnam.. we are not illeterate to blame
2577028.0,"if an item is listed as ""prime pantry"" does that mean I have to have prime pantry to get it? Or it just makes it cheaper if I were a pantry member?"
622371.0,"Sister wants to get a ""Fire TV Stick with Alexa Voice Remote"" as a gift for my parents who live in India. Will it work in India with Amazon Prime account?"
51613.0,.. Team I am not satisfied with customers care services... No help from ur end.. Regarding refund issues
1337985.0,Entonces solo se puede devolver el producto ?
431611.0,Sim 😂😂 a gente não resiste a tantos livros bons 💟
271887.0,OMG. Ur incompetence is. Der is no option 4 da user 2 reply. Do u even know wat ur saying / how ur system works ?pls c atchd file #pathetic
2469379.0,いつもお世話になっております！！ 大阪の田舎にまで範囲を広げて下さって助かりました😭😭
1047225.0,"Did, and also provide what you asked for. Still show 10 days delivery"
969237.0,"Guys, already gone through this link and chat process. No help. The only option is to wait. May be for ages. #apnidukaan is really pathetic."
2811773.0,ご丁寧にありがとうございます！ お問い合わせさせていただきます！
2320504.0,I bought my new MacBook on the last week. I am Prime. You guys just said it will be here on the last week. Then “Sry It comes on the next week”. Okey. Today you said it comes now. Then just saw it doesnt come. Wtf is with u amazon?!
2875603.0,"I ordered 1 product from Amazon with tracking id 216274906287. It has not been delivered yesterday and today when i called courier boy, he said arrogantly that he is on leave. Will you take any action???? I have call recoding also."
2300800.0,"I contacted b4 with regards to an account that you closed.A previous e-mail suggested I would be reimbursed/refunded once I switched accounts - Yet trying to get through to anybody who can help me seems to be harder than a spotty 15year-old losing their virginity,"
277184.0,"I've no idea if I'm signed up to the UK version. I signed up from Ireland, am based in ireland, my location is Ireland."
2320277.0,"Done and done, really needed it as it's an airpump for my fishtank, don't know why it's taking so long and why it's stuck in the depot"
758980.0,I have done both today. Hence my knowledge that you dont care. Any way to speak to an American?
1020928.0,Yes reordered no delivery date and customer services advised they'd speak to the relevant department however 9 days later still no shipment.
755071.0,"I have sent a reply, to the mail i received in the morning. It's been 20 min. Let's see how quick u can do it now"
1421280.0,I haven’t touched my account for months and then I see an unexpected balance charging me twice
1505451.0,Yes it was
503500.0,Got a messsge saying it would come between now and 4th dec this has happened with 2 orders in one week on prime.
579121.0,ありがとうございます！めっちゃ楽しませてもらってます！！💪
2349484.0,"My Prime order was dispatched with Hermes on Friday and I still not received. Other part of my order from Amazon Logistics has arrived. Still not out for delivery, but arriving by 8pm tonight. Don’t think it’s going to happen :("
2463067.0,早急なお返事ありがとうございます！まさかAmazonさんからお返事頂けるとは思っていませんでした。大変助かりました。ありがとうございます！
1501878.0,"NO,AS ASKED BY YOU TEAM ON FB TO SHARE MY DETAILS AND I HAVE ALREADY EMAILED MY DETAILS BUT SINCE THEN NO REPLY FRM YOUR SIDE THROUGH MAIL"
182728.0,"Sim, sou sim. Eu já terminei de ler todas as minha HQs. Eu queria muito continuar a ler Ms. Marvel. Livro eu tô lendo da autora Tessa Dare."
152042.0,Your customer service call center is crap and rude.
549397.0,hi can you swe this order for me !! When I order the coffee maker it was in stock! 😢😢💔💔!! 205-2423682-5572332.
354008.0,C'est qd mm discriminatoire. J'ai rarement fait d'achats de plus de 50€ et ce n'est que mtn qu'on me dit que je ne peux laisser d'avis.
673145.0,"hello, I have worked for Amazon flex a while now picking up 20 plus hours a week. All of a sudden I’m not seeing any blocks. I know they are available as a friend can see them. Can you tell me why?"
2630042.0,yes it’s a problem! And they ruined my package ( one of them at least) and that of course delayed everything and I️ had to reorder
1617334.0,"Ne vous en faîtes pas je viens de le recevoir, FedEx m'avait juste prank sur votre site en disant livraison estimé le 19...sacré rigolo 😏"
815489.0,"please aks your team to deliver the shipments by tomorrow, try to check the tweets from your busy schedule"
1553231.0,I never received any info Spent all week contacting you guys. All promising it would arrive day after day! No1 is telling me whats going on
1844290.0,I have replied
854400.0,I'm referring to languages like French and Spanish. I'm watching the Patriot series and am totally lost on the French parts.
1156723.0,I’m trying to buy something
2472348.0,again cheated by amazon
1588790.0,"Support still terrible. Two orders due today and they haven't even been despatched. An absolute joke, especially as I pay for Prime."
179116.0,"There are loads, but I am broke :p"
93734.0,"C'est sur le compte à mon père, mais hier soir quand on a regardé ils mettaient que le colis avait été livré à un client"
1673662.0,Have literally waited all day for this and the driver didn’t even knock on the door. Hasn’t even left package at safe space.
276192.0,"Also, Amazon doesn't seem to have issues in sending other messages to me. It's only the verification OTP which fails."
764196.0,I see what it was now. I was getting redirected to .com when trying to access .co.uk.
2265650.0,"USPS:Please come back Wed if you still don't have it and we'll help you out.Was expected today by 8PM ,Wed would be a week prime delivery."
2616343.0,Any news?
1767489.0,A few orders recently!
287413.0,Ordered my daughter’s formula (only available online) through prime&amp;it won’t be here for a week? We’re going to run out so thx 😩
867403.0,Fine..!! But it would be better if this formality can be handled at Amazon level without bothering consignee much..!!
785781.0,I want to cancel my order. Its showing this shit. Can I say fu**off to amazon for this kind of response.
861239.0,Allraddy send but not answer Amazon
2853765.0,"It's not marked for out for delivery, so not holding my breath! But will let you know"
546440.0,Season 3😀
440280.0,"Antier y ayer. Ya contestó, argumenta que no sabe cómo funcionan los impuestos de envío. Pedido n.º 702-3037189-7149856"
1121668.0,It arrived thank you! 4pm yesterday
1110272.0,looks like usps. It is not in mailbox or any of my neighbors.
2315697.0,Just whining into the void. Didn't expect the void to reply. :) Only a minor shipping delay. Will contact support if it doesn't arrive. Thx!
1919835.0,Já vi aqui. Obg
316462.0,I did not get any mail till now
1448058.0,"It's saying that we previously closed a account of yours , hey what is this as this is my new account and I'm a new customer on Amazon."
2678771.0,Also y'all didnt send a return lable
353250.0,Appreciate the quick response. Will be waiting to hear from your team. Thank you
782513.0,another #Fake_promise from 😁 nowadays after becoming No1 #Amazon_India customer care going down2hell
1170030.0,Thank YOU for more of the same unsatisfactory customer care.
1406783.0,Filha das Trevas
892726.0,Es la primera incidencia en mas de 150 pedidos. nada que objetar. ya estan los tramites en marcha
865701.0,"Guys, don't fall for Casback on Amazon Pay at Amazon. In. They say 15% but just give 3 or 4 %. ."
183588.0,Pathetic service provided by you now have lost complete trust on Amazon. Probably will never shop in future.Worst customer service
726347.0,et moi je vous invite a ne plus passer par Chronopost 😊😊 merci! #amazon c’est top sinon 😙
1622261.0,3rd class return service of Amazon . Today my product not pick up by Amazon
1160622.0,Per non dimenticare... 📺 📺 📺
2320475.0,Kindly confirm my issue is resloved or not.
205993.0,"I have filled it. However, this is not the reply I was expecting."
2052215.0,Shipped. China post.
1018816.0,Doesn't really tell me the answer. Can you find me the actual answer and copy it to here?
2698898.0,J’en sais rien. C’est votre boulot de savoir ça et de voir avec eux. Moi je commande et on me livre le bon jour. Point barre
934416.0,Thank you for keeping me on the phone for 38 minutes to apologize for selling garbage and unwilling to take accountability for what you sell.
745088.0,I have a question with my book rental ???
2212016.0,Do not buy anything from because they deliver bad quality products and with no return policy. Pathetic services
511637.0,Nope! for the last 4 days I have reached out and got told it'll come tomorrow.. tomorrow is now here and still nothing! it's ridiculous
62187.0,how do u do that?
834406.0,"Hi team, i have received the missing Product today evening Thanks for the quick response"
917984.0,#cheating #Shame
1881166.0,Again poor. You are not bothered to call customer and ask what is the problem. A ROBOT will be sending pre-configured reply. Great Service.
2245392.0,My account was blocked by Amazon when I tried to purchase an item (I have no idea why!) and I received an email asking me to send my card statement to a US fax number. I'm in Brazil and I don't have access to fax. Can you please help me to restore my account?
21583.0,Trust me it useless to narrate my experience in the app feedback...I want a resolution... And commitment that this won't be repeated and a compensation
2675960.0,first delivery person refuses to deliver a shipment and then customer exec asks me to wait till 10PM in office. Whats going on? #fail
2605697.0,Hey placed an order on Saturday that’s going to Seattle...paid for 1-Day shipping and no update yet- ideas? It’s a 10/31 gift.
2780586.0,"He tenido que pasar por las oficinas de , ahí me han entregado uno de los paquetes, el otro que además es urgente, no han podido entregarlo a pesar de que siempre hay alguien en casa. Así funciona"
718326.0,Wow! Thanks fr replying so soon this time! Wonder how come u have replied so early as ystdy no one did. I have used ur link. Please see
2726787.0,I was taxed on a Digital purchase and I live outside the United States can I get a refund?
2881885.0,eh lo so. ma se lo spedite il 4 dicembre difficile che possa arrivare il 29 novembre :)
1477406.0,"Main problems are drops in service, freezing on Live View load screen, 10-sec videos and change in initial zero monthly cost advertisements."
2797112.0,"your silence speaks volumes. However this problem won't go away. You can't take money for goods, deliver them to an address that does not exist, ignore a customer enquiry and not expect to be challenged. Is there someone with a backbone that can pick up this query?"
293352.0,"Ok. Ive gotten in phone touch with They’ve promised resolution by tomorrow. If that doesn’t happen, will ping u again. Tx for now"
290467.0,Didn’t arrive and all you do is offer another free month of prime. Reliability extremely poor this month 1 lost return + 2 failed deliveries
1672592.0,ああ、わざわざありがとうございます
2212143.0,Verry verry right things sir but all support team and u and your correspond all r fake last 13 days i see and no solution.....
15272.0,Please don't help.u have very useless process of helping.if u want plz refund me atleast in time which is also now least expected
192322.0,I am not able to cancel my order..plz help
2895902.0,i have an order that said it was supposed to be “delivered” yesterday but still nothing.. can you help???
1097668.0,waited in all day for a scheduled 7am-10pm delivery. Didn't arrive. Customer services unhelpful. How can I arrange redelivery?
2305319.0,"Finally got my Pop! figure... but hey, uh, , how does your shipper allow a collectable to leave the facility out like this? I appreciate the Sunday delivery, but this isn't a good look..."
2311212.0,"Hi, two recent Prime orders delivered on Saturday, despite me not asking for this (see photo 1). Online trackers says both were left with a neighbour but gives no other details. Incredibly inconvenient. Order number attached (see photo 2 and 3)."
1333575.0,your executive saying that talk to manufacturer for help not ..... Seriously
2273431.0,"Hi Amazon, könntet ihr mal eure Amazon App in Ordnung bringen. Fernsehen ist seit Tagen nicht möglich. Danke."
461231.0,Is that bait and switch you are trying to pull off?
2914508.0,"In that email it says ""For your security, we canceled the following order when we could not confirm your information"" - Which is a complete lie. Someone at Amazon has messed up and I'm trying to find out what is going on."
861303.0,And I have the cancellation email that u send out
1293035.0,It's not giving me the option other wise I wouldn't be tweeting at you.
174491.0,The address was correct on the order and I don’t understand why an order would be marked as handed to the resident if it hadn’t been delivered yet. The whole point of tracking on deliveries is to keep the customer updated. A refund had now been arranged and I’ll shop elsewhere
646728.0,"Tomorrow or Friday. Qualified for free shipping so unsure how it'll be sent, I assume 2nd class?"
1097727.0,"Last week they wouldn't deliver because I wasn't in (not been a problem in the past) then ""couldn't"" drop it again because it was ""damaged"""
434624.0,"No point in sending mails to you now, this is gonna take forever to resolve this issue from your end. Let consumer court decide now!"
1353604.0,für so etwas bestellt man also 2-3 Wochen im voraus?
1737106.0,will this be guaranteed delivered today #XboxOneX
740979.0,you can't block any customers without any reasons. If you block please give reasons
2896046.0,About 40 minutes ago from my Amazon phone app so that the message was associated with the appropriate order (I have lots of orders!).
182793.0,Shared already
575344.0,Ayo Amazon. I was trying to order 2k Vc for PS4 and it sent me VC Fir the Xbox... can I like get a refund or just be givin the ps4 VC in exchange?
277239.0,"That it is being referred to a ""specialist team"" who will be in touch ""within 24 hours"". It's now been six days..."
469399.0,"People please be aware ,there is no customer support and #UNINSTALLAMAZON"
2571783.0,"Can you please quote the definition of ""Guaranteed delivery"" please?What's the point in prime if you fail to deliver?"
480522.0,no. the person i spoke with was not helpful and did not have nor provide me with much information.
590802.0,Dear why should you guarantee a delivery date if you plan on using the god awful USPS to ship it? Use UPS or FedEx otherwise free Two Day shipping for Prime members isn't that big of a bonus.
147357.0,"dealing with your company has been frustrating and unhelpful, do you often lie to customers? #CustomerExperience"
2769080.0,just lost my Christmas business - ordered important item for thanksgiving paid for 1 day shipping. Out of stock but listing doesn’t show that and items still says it’s delivering today. No time now to order a replacement #ruiningholidays #AmazonPrime
2128578.0,Is this really how you do the packaging for expensive products like iPhone and Casio Edifice watch. Quite disappointed.
651423.0,I talked to customer care services and they were saying that electronic goods can only be replaced and not returned.
1544043.0,"At 8 pm when it was supposed to be here by it changed to Oct 14-Oct 16. Which, if that's originally what it said, no big. But, it said today"
2302560.0,"Everything arrived fine. The carpet shampoo's lid was mostly unscrewed, but there is a seal underneath, so no issues."
1777715.0,So my package finally arrived 2 days late. And someone has opened it... It was despatched on time so who's been poking??
1334299.0,Link not working.pls provide new
1204473.0,"As stated in the previous message, various emails from your site and via chat"
834858.0,"prime account, ordered last Friday, keeps being “unexpectedly delayed” but you have them in stock on your website. Will I even be getting my order?"
955074.0,Why am I paying for prime if I am not get next day delivery. 4th item not to be delivered on time in 2 weeks. What a joke.
989869.0,"Liebes Team, ich möchte euch um Hilfe bitte. Meine letzte Lieferung ist eine Katastrophe und ich bekomme trotz Chat und Mail keine weiteren Informationen. Was ist denn mit dem üblichen Service passiert?"
262531.0,"Thank you, did it."
2828029.0,ok i wait again 24 hours for your reply
179337.0,"Your return authorization, return mailing label and acknowledgement letter not available on the site.. Also how do I pack the return packet"
798768.0,Non rien du tout un message pour dire de venir le chercher dans un point relais !
2278313.0,I have and they either don’t reply or say it’s sent! They are selling under the amazon name! Since when did amazon become like eBay? It’s too late to re order for my wedding now
454538.0,Does anyone know how to change Amazon Echo's language to English Canada?It only gives me English US and English UK and it deleted all my skills until I change it to Canada! ARGH #iot #smarthome #tech #amazonecho
1943835.0,#amazonprime And another email received as please REVISE PAYMENT - PAYMENT FAILED.
2364643.0,Yes i have with no luck
448769.0,For Order #701 (see above for full #): There is no carrier assigned to the Order at the moment. For Order #702: Carrier is Canada Post. Tracking info says it's still in Transit...
2678004.0,I was using Basically there was a card saying it was left in the porch. But your website said it was left with resident. But the resident it said it was left with was still in bed so not sure how that is possible.
198704.0,I just have axis card and the product isn't eligible for COD. I need the product URGENTLY. Don't show me options. Return prime money
2734014.0,"Hi, please see this screenshot. Download option to watch it later isn't present there."
503497.0,I have accidentally put an order through and I cannot cancel it please can someone help? Thank you
2511727.0,I do not have the option for 2 day shipping. I have Amazon Prime. I was able previously to order this item with 2 day shipping but now I can't. here is the link to the item. It seems like I can't get 2 day shipping on any items anymore.
644063.0,Already done in last week. Check my old tweet and take reference link from those. Post me now what action u r taking and hw much time u need
2666827.0,ひゃ〜〜〜〜〜〜ご丁寧にありがとうございます！調べるのも大変だな……と思っていたところなのでとっても助かりました☺
1223593.0,i bought a digital song twice can i get a refund? I cant find any phone number
564942.0,Oooops! Looks like an email was sent saying that it may arrive later that Dec 1st! I’ll just wait. TY!
2823118.0,I’m hoping so.. but won’t properly know until it gets opened on Christmas Day.
2936619.0,"Nope, bt hv faced it many tyms, payment through visa card, is there any issue wid it?"
568322.0,I ordered three items on nov 23. These items have not even shipped yet. They are set to be delivered by this upcoming Monday which is impossible considering it is Saturday night (based on where I live). This is the second time this has happened.
1278721.0,"I don't think I care what u consider personal or impersonal info. I paid for that mobile, it's broken. You cheated me, return my money."
545704.0,Armaria os livros vieram amassados
2766961.0,PLEASE FIX MY ACCOUNT BEFORE BLACK FRIDAY!!! I have been trying for WEEKS!!!!!
2536442.0,I bought Season 2 of Riverdale but it’s making me pay for the 6th episode which came out yesterday.
863932.0,Un screen sa va ?
1126658.0,I've got that installed by paying extra to some other person as I didn't get help from you. Will never recommend anyone in future...
328002.0,U didn't miss. But I missed to understand Ur fake clauses n I paid unnecessary for prime as same day delivery...
2552269.0,"You check. I have provided details but haven't rec'd a reply. Further, this is a new problem. Every delivery is a problem. WTF!"
2456016.0,"As I already stated, there is no new delivery date posted. Sending me the same link over and over again isn't going to change that. Obviously no one is reading my messages. 🙄"
2128890.0,I’m confused? The link just takes me to my orders. I have two items in the 1 order but if I just cancel the one item that has dropped in price and keep the other item will a delivery charge be added on as it would be under the £20 free delivery limit for the remaining item?
314490.0,"Ja, dachte es würden Staub in den Lautsprecher gefallen sein. Ich sag mal so ab halber Lautstärke nimmt das knacken zu :/"
971831.0,is it possible to pay for Prime monthly
1190288.0,なるほど、では気長に待つとします。ご丁寧にありがとうございます
2936698.0,Sure waited for 13 days can also w8 for ‘time frame mentioned by ur support team’ 🙂
920513.0,had a package delivered on Wednesday opened it up today and only half of what I ordered was inside. Says it all been delivered
1435700.0,"What's wrong with u ,one side u showing order placed n other u messaged payment failed, while my amt deducted. Deplorable"
1252592.0,Can you guys change the status on my account since it is almost 11pm PST?
266861.0,普段検索しない商品や知らなかった商品が並んでいるので、 見てて面白かったです(*'▼'*)
307293.0,Sorry I am at work if I'm still having trouble when I get home I will reply back in real time
1303669.0,I have a question about a delivery I have coming.
1573588.0,is my parcel out for delivery or not??
2297890.0,And the wait goes on... #AmazonSubPrime... six days and counting
2263090.0,"I am returning an order and have my proof from the post office, but not had a confirmation from you yet. Posted it Saturday. Thanks"
1114921.0,Mais comme il n’en reste qu’un sur le site j’espère que je l’aurais cette semaine sinon franchement ça sert à rien de précommander 😡
2115556.0,"Ok, thank you"
2166452.0,I have adde some more info
1008489.0,No email received
2141288.0,"salve ho bisogno di sapere delle informazione del perché il mio ordine ancora non è stato spedito,doveva essere spedito il 7! Spero in una vostra risposta"
223943.0,Oh I apologised .. you have lying policy but not compensation for those lies..
1223564.0,"24 hours, so its been 192 hours so far and waiting"
1498561.0,ha ha ha….have give my order number you still can’t find the issue…very efficient and this is what i have been experiencing wid u r custcare
1099319.0,I have watched more than 5 titles. But didn't receiv any mail. Could u tell me wat went wrong? Would luv to have the Fire Stick
2314025.0,apps to work such as Netflix because it keeps saying I have no internet checked signal strength and says it's good. Help please?
1381767.0,Hi ! Order# 171-1012722-5427504 was supposed to get delivered by 11 am. No sign of it till now. Paid extra for timed delivery.
814345.0,yes - was ordered yesterday and supposed to be with me today. ordered other stuff at the same time which arrived but some hasn't
1551769.0,コンビニ受取、今日使うものが今日届いて安心してたら、コンビニに物はあるのにメールが来なくて受け取れない……タイムアウトですわ
1509844.0,es el 24 de este mes tengo una compra del mismo dia la ise y esa si me iso el cargo
555369.0,My parcel said it was delivered to resident today at 11am but I’ve been in all day and received nothing...?
751272.0,Tried going to help because your garbage system isn't sending verification codes. Problem is on your end. Fix it. NOW.
135114.0,No resolution in calling Toll free number : 1800-3000- 2057 pls share more update . Its 28 Days now with no resulution
372181.0,None! Poor customer service and the rep even sighed “oh my god” clearly showing his dissatisfaction with my “complaint”!
633568.0,No worries- not your fault. Am looking for another one to order now. Going to choose a different design just to be on the safe side 🙂
1667214.0,I need solution here.Are you dumb. resolve my query on asap basis send message to your seller.Who delivered faulty product #shameonamazone
408800.0,"Yes, it was an Amazon seller. I've been in touch with them already. But this never should have happened. I'm amazed it wasn't stolen."
74319.0,Bei 'The Man in the High Castle'. :)
2900941.0,"Nope - last emails I had at around 10am said delivery would be today, and that's the last communication I had. Now I have no idea when my parcels will arrive and I have plans for the rest of the week so won't be in. Not what I pay for Prime for..."
595687.0,"Salut , j'ai un soucis, j'ai envoyer mon smartphone en garantie et vous ne voulez pas l'activer et vous me demander de payer, ainsi comme j'ai pas envie, je veux qu'ils reviennent chez moi. Mais sur votre lien de merde, on peut même pas accepter ou refuser le payement"
134858.0,Why should I be the one chasing this parcel anyway? You as a company promised this parcel yesterday. According to the tracking info it was attempted yesterday but I was home all day waiting for it.
611158.0,"Ok, surtout que je viens d'aller sonner chez les gens et ils sont pas là... 😑"
1050303.0,any input!?
2320255.0,je ne peux pas lancer de procédure de sav
1655120.0,You. AMZL.
1523968.0,"I say so because until last year, even Amazon was great in this regard..."
440217.0,Plz find across the snap of my reply on the mail thread sent by you ppl
83535.0,being a prime customer i never expected this irresponsibleness from amazon guys!! chances are amazon going to loose one customer today. can you please share the delivery guys contact
2783192.0,"Oh God, a template reply! My point goes unanswered. Thanks anyway. I know who to not reach out to again.😐"
1329460.0,¡Muchas gracias! Lo haré :)
1223515.0,I can’t find the chat option just email on the link provided
930336.0,Per favore mi state facendo dilapidare lo stipendio xD
