customer_tweet_id,clean_customer_query
1837997.0,"Elegante, heroico y muy casual Ruperto 👌🏻😋"
2562256.0,Hey :) Why is the Prime 'One-Day Delivery' not due to arrive until Wednesday? Thank you! Merry Black Friday x
75929.0,I keep getting the DRM message and I have to delete the book off my kindle and redownload it. It's not all of my books but its been happening often. It's just inconvenient when Im on the go and want to read but then I can't because I have to redownload the book.
219161.0,"I preordered Star Wars Battlefront 2 on Amazon, but I have not received an early access beta code yet. What is going on?"
365184.0,401602 was looking out for refrigerator exchange
2216617.0,"Certes, pour le produit suivant étiquetté prime on est déjà à mercredi, faites un tour sur votre site vous verrez que ce n'est pas un problème isolé. Je suis par ailleurs très satisfait d'Amazon mais ça c'est un peu dommage."
312819.0,Himanshu called Bluedart customer service and requested future delivery/halt! What a ethical move!!! See the status after I called him:
2734289.0,Can't do it until you let me log in. And it's consistently taking 25 minutes to get your code. I've done this about 7 times now....I'm afraid you're gonna lock me out. So ill quit for now
2849038.0,"I do, but it only offers to import collections from a previous install on macOS, and not the collections on my iOS devices. These collections, again, are completely unrelated and disjoint from the collections in the iOS app"
1917072.0,"“error downloading the item”. But I tried after several attempts, and it worked."
972725.0,sir already many time discuss but your team not give my cash back pls help and contact me early-9414609031
230124.0,Plz return my money back which i paid for prime membership as you were failed to provide me service.
983276.0,is there any reason my amazon pantry order arrived with the box open on one side? (see photo) do i trust what’s inside now or😩🤔
644750.0,"No me contestaron los mails y en el chat dijeron que me iban a contactar y no lo han hecho, mira el status"
493446.0,"Lieder nicht. Sendungsnummer hab ich mal geschwärzt, kann ich aber auf Bedarf gerne privat zukommen lassen."
416969.0,"Don’t worry. I checked over, says it is. Reset my Xbox and it’s working now :)"
986364.0,Handy... Samsung Tab oder TV
2924523.0,"The new dates just appeared. 1 was supposed to arrive yesterday. The other was supposed to arrive today. The delivery dates updated after saying all day today that the packages would be here by 8pm today. It’s aggravating, when I ordered these items the PRIME icon was there."
1838844.0,i did recharge with amazonpay for jio but I didn't get cashback offer 101
352802.0,Idiots..still askin me to revert.OMG It cant b worst thn this. I promise it was my last purchase with u guys #atrociousamazon
2946790.0,Euh hey what is this? Is my parcel having a tour of Europe or is the deliveryman having a seizure?
2205249.0,Il s'agit d'Amazon Logistics
1598668.0,"O.K., thank you."
853957.0,I am doing email communication for past 3 days. I only get false promises from you but not the product.
2683531.0,"Na toll, – was kann ich dafür, dass mein iPhone mal wieder einen Clean-Install brauchte?"
2786280.0,nowhere can I find any information on who the carrier is...where are you looking?
2619698.0,C’est bon j’ai réglé avec ils sont très pro ! Merci à eux.
225016.0,To cancel the order .. is the way customers are treated
2646217.0,-- Thanks for selling me a Whole Foods gift card that doesn't work to purchase groceries at Whole Foods ...
453338.0,"eu comprei um kindle com vcs mas estão no prazo ainda, eu só estou ansiosa mesmo"
802313.0,"Kann es sein, dass dieser Hinweis in der mobilen Ansicht nicht angezeigt wird?"
1636500.0,Darn amazon and shipping huh
1302342.0,I can't see the carrier. It was supposed to be delivered yesterday. Didn't get delivered yesterday or today even though they were in my area
666157.0,Es que ese es el problema Amazon me dice que no tienen el numero o algo donde me pueda poner en contacto directo con la paqueteria
1034740.0,"I ordered Samsung On 5 pro but as quality is not up to the mark I want to change it with On 7 pro,, but hell lot of excuses from your team"
2791925.0,That is no help and I cannot find the order i am referring to and tied to return the items when I received them but i could not i feel this is unfair since i am a loyal amazon customer
474188.0,"Throughout this issue we have not had an email like that. Perhaps thats why no one is getting back to us? To be honest it is like they have a script. As all of them are saying the same thing, but not doing anything?"
2590353.0,I can stream everything else no problem. App works well. Thursday Night Football just won’t show up at all as an option. Everything up to date on tv... I can stream TNF on my app on my cellphone fine! Too bad I can mirror it to the tv...
1463422.0,if I preorder cod ww2 tonight for pa4 will it come tomorrow? I’m prime member
431104.0,Royal Mail are the carriers. What are you doing to rectify the problem because I’m not staying at home for the next 2 days😡😡😡😡
1135149.0,I have already shared by details in your page.
2935180.0,Tracking on the amazon side only says “ First delivery attempt. Another attempt will be made on the next delivery day.” And “An attempt was made to deliver your package. A re-delivery attempt will be made on the next business day”. No mention on why it failed
2562258.0,"Sadly no. Original date was Sunday Nov 26, new date is Friday December 1"
881082.0,"This issue not resolved, now it's showing return window closed, I want to return the product, not getting any response plz resolve"
582625.0,Its already 3days over. When you will update? Contest is not trustable or what?
231872.0,Hi please chase no one is contacting me.. and again i faced the same issue with my recent order...
2179065.0,"Yes and please tell the courier company to stop calling me now. Its 2 days late and NOT needed. Return and refund, no excuses no more calls"
671727.0,"Done, please get back to me with the current status ASAP. I want my Phone today."
1458007.0,. I have some apple earbuds I bought less than a month ago and all of a sudden this happened— Can I get a new pair??
1366088.0,Ciao. Segnalato al servizio clienti sabato pomeriggio e casualmente sabato sera i tre pacchi che aspettavo sono stati danneggiati e non arriveranno più. Vostro corriere +++
232363.0,"Everytime the same thing, check the records i have contacted through Twitter many times . Even i have filled the forms twice or thrice now"
1250356.0,Estimated date is like 20 days from the order ?? Is it shipping from abroad.
2950679.0,"Don't bother paying for Amazon Prime, second time an Amazon Logistics driver has decided to deliver our package to a random house though our number is clearly posted, unacceptable! Last time was just a refund, this was a black friday deal, i want my item!"
2302225.0,No. It’s a digital copy of a game. Won’t get it until Friday
2964104.0,Shipped with AMZL US Tracking ID TBA575692407000
2374465.0,Sent.
35967.0,"I just wanted to update you on my experience w/ your customer svc center. Carmina listen to my problem and successfully resolved it, thxs! 🙂"
2480167.0,"hello, I purchased a kindle ebook for my kindle because I had £2 credit but the promotion wasn't applied to my account and I wasn't given a code or anything. Why wasn't the promotion applied?"
224631.0,Amazon team reached out to me and got the product delivered yesterday itself... Really good turn around..!! Thanks
1367678.0,Thanks for ruining my dads Diwali gift purchased from by delaying it for one week even after purchasing through PRIME. KUDOS
1128029.0,"I have ask ur address multiple times on email, but no response. So, Twitter is only medium left to make the things on record and informed"
2437311.0,waste of money and poor service even for PRIME customers. order Id 403-8040056-0265138
1307762.0,As i have already told I will throw the product into gutter and will think that I have given beggary to beggars called amazo
439308.0,I already have. I have also explained the issue in detail.
937311.0,Either stuff is missing at drop off or delayed past doorstep delivery time... or this weekend site wasn’t working.
2018621.0,See how Amazon is selling broken cap deo to prime customers thru Amazon pantry with delivery charges 20 i lost around 200 INR . Amazon in In sucks.
1572975.0,They can do
1610350.0,yeah I have shared. Thanks
826270.0,"So, I just activated my Amazon Prime free trial and it straight took money outa my account..."
2275850.0,"laptop, it looks like its working fine now though 🙂"
1424264.0,"Merci, bonne journée"
302605.0,"Order date 03-Sep-2017 Order # 403-5721092-5101156 Plz check order no. And refund my money, Order time 1 month above. Tshirt not deliver"
2382539.0,the last 2-3 wks all I've heard from amazon is we are sorry.Would rather u fix the problem and get it sorted. When is the guy coming today?
319345.0,How much i waited tell me.i already waited 4-5 days. Your pik up date is 3oct. Bt u did not pik till now.i called lots of time.
1330252.0,"Creo que era un vendedor externo, pero recibí hace días un correo de amazon de que la devolución se había efectuado, y no es así"
651438.0,Ya no tenéis atención telefónica?..esto es para mí más sencillo consultarlo por teléfono sin estar contando caracteres
356688.0,says dispatched for the past 3 days! Just one book. U've let us down big time! In fact the site says 4th oct delivery?
343103.0,"Hi there, it won’t let me put in a UK 🇬🇧 number?"
1826202.0,what's wrong with u people? i hv already filled it twice. plz help. its of no use
183516.0,No sir now it was not showing 😁
2808980.0,"How do i figure out which anti-glare screen protector will fit my 7"" kindle fire? Bought it this year but 5th gen. Can't seem to find the right one."
1006542.0,Non malheureusement. Mais c'est un endroit stratégique ya une caméra juste en face du coup le voleur sera démasqué rapidement 😂😂✋🏿
1195149.0,"Third party, It says it's supposed to arrive October 26- nov 7th , I ordered on the 13th. Is this normal???"
917005.0,I’m tired of following up and replying to those mails. Why can’t an issue be resolved in one go ?
1288886.0,"Jajaja mañana, ¡un saludo!"
124051.0,quando der meia noite vão dar mais descontos nas compras?
2122289.0,"I've already sent an email, but it's an ongoing problem. Most AMZL packages are late or never arrive."
1730719.0,your support team is clueless. Giving the same monotonous reply that Status has not been updated.. this thing I already know
1843570.0,"Yep. That's the page I had to Google, it's also the page that doesn't remember my password and also the page that bounced my mail.. There is also no chat on that page."
1953330.0,Again you have cancelled my prepaid order after 5 days from order date. Order was prepaid and confirmed from your side and today was delivery date but in morning i got cancellation msg. Its happening frequently. This time i am moving to consumer forum. Its enough.
1247741.0,what is happening to amazin guaranteed delivery?!!! Second time this month my order is delayed?!!! Get the USPS up the speed!!!
1059587.0,Still waiting of Ur reply on my issue..
348498.0,"terrible service, my girlfriend ordered a book, was supposed to reach September 26th. No news except courier details shared."
1438202.0,"Si, y me dice q si no se lo deja hoy a algún vecino no sabe si saldrá mañana o pasado del almacén... mal servicio y mala resolución."
313290.0,Thanks.. i'll tweet again when issue will be resolved.
1727873.0,. How can you not deliver a parcel that has been sitting in your Banbury depot since 6am this morning?
1886105.0,what else do you need?
225047.0,"La même que sur le suivi en ligne : remis au transporteur. Chronopost, lui, dit le contraire. Et ça traine depuis lundi."
2766948.0,"Drei mal in Folge (seit 15.11.) ist der Fahrer in meiner Straße gewesen ohne mein Amazon-Paket zu liefern. Im Onlineportal (Hermes) steht stets ich sei nicht erreichbar gewesen. Gestern stellte ich ihn zur Rede, er hatte mein Paket nie dabei."
2725850.0,"been waiting almost 2 weeks for my order off Prime. Delivery date changed multiple times by Amazon, what’s going on?"
315338.0,Cheating it's customers by falsifying delivery. Online business runs on trust.
183191.0,#AmazonIndia any update on the issue. Why is taking so long
422008.0,Find the order id
179713.0,"It's day 2 ,my order not delivered yet.. What's wrong with"
2399409.0,That’s a shame. Can you organise manager callbacks?
132530.0,"Thanks for getting back :) there is a vicious rumour that it will be back later, if (a big If, I know) it is, the current product page says it won't ship to Northern Ireland. Would there be any way around this?"
2736205.0,"This is an order I placed online via Amazon.ca. The order, however, is not appearing in the 'Your Orders' tab of my account."
2858193.0,i see.Is there a size limit?
2346166.0,excuse me I ordered 2 things on Friday and they haven't shipped yet. expected Wednesday. what kind of two day shipping is this?? also something I paid a lot of money for yesterday hasn't shipped either and won't arrive until Wednesday. what is the deal???
407906.0,tried to highlight issues with being told the wrong thing 3 times by 3 different cs representatives and got yet another 1/2
2931407.0,Worst experience I’ve had. Poor book I bought for my little cousin was completely folded up and smashed. Can’t even turn the pages.
284372.0,Pero que lo ha dejado ahí en el suelo sin haber firmado nadie la recepción. Lo ha dejado ahí el operario. Es de traca
542175.0,"Yes and this has not been resolved to my satisfaction. I’m out money and never received what I ordered. Just very poor customer service by Amazon which is ironic because each time I called, I was told “We value our Prime Customers.” I certainly don’t feel valued."
1206949.0,your sale is probably to grab custoners but what about customer serv and customer satisfaction ???
232445.0,I ordered a book from this summer and now it's saying it won't be delivered until September 2018!!!! WTF?
2320455.0,たった今拝見させて頂いたのですが 全6巻で、3000円超えてしまうと、僕のお小遣い的な余裕が…
2159329.0,I have filled the form the as well again. Will you be delivering the product today?
480307.0,Hello?????
1314626.0,"I have filled the form and sent across, kindly check and revert back at earliest."
2698979.0,Gracias por la información
2881234.0,But that is what happened yesterday?
1281380.0,"No, simplemente no está en envío y no puedo ver los detalles. Si no sale hoy, no creo que llegue mañana."
1036507.0,I'm guessing it was y'all
865809.0,"What reply when will I get my cashback ,,it was supposed to be received by 12th Nov ,,u guys have any shame left or not... not even one time u have given my due promised cashback without harrassing me."
778483.0,Okay will remember it next time
1103612.0,"as a single mom, the extra $5 it went up doesn't fit my budget and it wasn't guaranteed to be delivered since it wasn't prime"
10645.0,did amazon get hacked?
1215497.0,"I placed an order a couple of hours ago, I have free two-day shipping with prime but it said the estimated delivery date was a week from today :("
2176474.0,"Can someone atleast call once and update, I haven't even got any revert."
538448.0,"Now I can't return the product either as it was hair-color and has been since used before the attention was drawn on the product-price, I feel cheated that while the packet MRP was Rs 175/- Amazon charged me Rs 875/- for the same product. Redress my grievance."
1133975.0,U kidding ?
1412411.0,"Safari geht, Xbox App nicht"
2923563.0,AMZL US
361713.0,"I want to buy the product, you mean today I cannot?"
11586.0,Not received any email
2921380.0,"No, I wasn't. The only way I knew it was going to be late was to look at your site. doesn't care enough to send an email when they fuck up! They just expect you to sit there and shut up, they have the money already, you will get your package when and if we feel like it"
1473755.0,I need help
232926.0,Yet another futile exercise. Anyways provided my details. Waiting for your rep to contact me. No lesser than undue hardships to customers
1381857.0,i was never worried about delivery time. I am worried i will get the actual delivery! what are you doing to make sure that BOTH of m orders arrive?
2416801.0,. . Amazon is cheating in the name of cashback when you add money to Amazon pay during offer time as Great Indian Sale.
1403518.0,What a joke .. delivering at an office space which was closed at the time of delivery.. Amazing! #subPrime #cheats
1200813.0,"Is that the service you give to your so called ""PRIME"" members?"
571774.0,"Can you check above ""Hello Samir"" there is no navigation bar 🤨"
2580454.0,"Problème résolu, je repars avec 5€ de réduction pour repasser commande demain :D"
2931329.0,Nope. Like I said they never even knocked. It was royal mail. I did get my usual post and heard the letter box so went and checked to see if there was anything about Amazon but nothing. Used prime to do online Christmas shopping so it would be delivered.
309911.0,Another question is how do I know it's it elgible to be used?
1149689.0,Dunno why I pay for amazon prime for next day delivery when they always send me unsuccessful delivery emails
293332.0,Ordered slipper got delayed by 4 days then it got cancelled. CC kept telling it will arrive next day.
2467221.0,"Items ordered &amp; in stock, promised under 2-Day Prime shipping with anticipated delivery date indicated, taking over a week to arrive."
2956977.0,No aplicativo diz que todos os livros estão disponíveis e em estoque
2350862.0,"I'm looking at an item and it says ""Ships when available in 1-2 days."" Does that mean there's an estimated date for it to be available? I have Prime. This is the item"
2422663.0,"yes but they took my money, and i did updated my payment and they still want me to pay AGAIN."
2950689.0,"What’s going on? All day I’ve been in, nothing. Now my dog has to go hungry?"
1912138.0,twice in one week a package has been delayed. First two times I can remember. Everything ok?
297897.0,Check DM
2728892.0,"Order was placed directly from Amazon and is being shipped by AMZL. The estimated delivery time was from Nov. 13th to the 23rd, I’m just saying that’s a long time."
480510.0,Im so impressed with Amazon Customer Service 👌 my parcel got lost in transit and amazon is replacing it😄 they were so nice and helpful
2604942.0,It appears a refund has been processed for this item although it still says the item has been dispatched. Hopefully that's the issue solved. Many thanks.
295303.0,"Bientôt une nouvelle commande, vous me faite rêver 😂😂😂"
782426.0,"Shit service from u guys, Ur pickup person suppose to come on Monday betwn 2 to 5, and still he has not came... And I even don't get any response form you.. every time I have to call and beg.."
1339652.0,I think you're mistaken you see this isn't Amazon Video this is PRIME Video we don't have anything like that!
2577018.0,Hey. A parcel of mine has been delivered to a neighbour today but the neighbour is saying they don’t have it. This neighbour is well-known for stealing things etc. I needed this item ASAP. Please help.
759805.0,Done look forward N by the time our deal may go off
917558.0,No resolution yet.
2898960.0,"I am 100% that I did cancel it, but found out I was charged yesterday. I'm not sure I understand how it works if I cancel and am still charged."
2599093.0,"I don't have a fax machine (who does these days?). And how did you charge an ""unverified account""? Does that make any sense?"
2875548.0,I have had a horrible customer experience today. I would rate it myself and do pass on this to your supervisor or whomsoever. Thanks though!
2319529.0,"Hi, thanks for your reply. He cancelled Prime months ago - April/May I think &amp; he can see that by logging in. He spoke to somebody at Amazon to confirm who checked that he hadn't used Prime either for deliveries or streaming and refunded some months. But he still gets billed."
281017.0,"No everyday i phone everyday they say its definitely coming today, but even hermes is saying lost come on now"
327540.0,"Y se hacen eternos, que me tiene que llegar paquetes hoy, jueves y viernes XD así que imaginate jajaja"
2308110.0,hey why did you send with USPS a package that is meant to arrive on a Sunday? ( # 111-9425701-6239402 )
2535321.0,"Non mais stop, dès que je me plains ici, c'est le même tralala et rien n'est fait. Je suis déjà en contact avec vous depuis des MOIS ainsi qu'avec un ""superviseur"" de KDP... et ça a fait avancer le schmilblick... ah non en fait."
529001.0,With respect it’s not my problem. I pay for prime. That link doesn’t tell me when I’ll get my credits that should be due given you didn’t deliver next day as per our agreement.
174548.0,Thanks :) Have a great day!!
769577.0,"Can the​ new Fire 10's Alexa pull up YouTube vids? I really wanted one, but after #EchoShow lost YT, I'm not so sure..."
322035.0,I have mailed to email id that u dm me ..and reply is different
425506.0,Still awaiting for you guys to reach me
1459023.0,Dice che il destinatario è errato e che quindi la consegna subirà dei ritardi
1426765.0,Nothing is showing related to this case
2958541.0,Hi I submitted a return request last week that needed seller review. Can you help me w/the status?
2829443.0,"On the way, but it may be late, We're sorry it wasn't delivered by our 2:15 PM estimate Amazon Shipping at Sunday, 26 November. Delay in delivery due to external factors"
134920.0,"It states (yesterday) ""8:12 PM Customer requested to forward to a new address Doncaster, GB"""
438862.0,"Thanks Amazon for helping me, providing me my preferred resolution."
1411593.0,can I schedule a delivery? If I order something now and want it on December 2nd in a different location...Is there anyway?
2429401.0,Eu que agradeço a atenção Loja maravilhosa
219177.0,自分が観たかった作品が沢山入って嬉しいです！
2282024.0,Phone. Spoke with someone. Not sure what dept
1602166.0,I am asking about the 20% offer on prime membership.the offer says I need to get both prime and Amazon pay today.i m nt talking about 10% cb
835487.0,.. be delivered on 16th. Why to promise a customer if you can't walk the talk ? (3/3)
2251890.0,It's been delivered. My problem is with untrue updates always
2784489.0,Thank you :)
810216.0,Already done#can I please expect some resolution that really works#
1618338.0,I ordered Krishna dress for my nephew for fancy dress competition scheduled on14/11/17 but exp. delivery on 16/11/17. HELP.
231570.0,Sorted. Thanks for your help. 😊🙏
43276.0,"for some reason all my ""stations"" are only playing one song on loop. Win 7/Chrome 62.0.3202.75"
439639.0,"Hi! We have a fire stick purchased in Canada, but are moving to the UK. Can we use it in the UK? Will we need a power converter?"
1400604.0,Resend me email. But y u blocked my calls..u hv any ans. For this I want my parcel.
1932372.0,I need you to explain to my Engl prof that my book is 2 days past guranteed delivery date &amp; that's why my readings aren't done😂😭
2459983.0,ok merci
886137.0,"Bonjour, est le transporteur en charge de ma livraison"
22147.0,"Jeff,India help team is useless. Just provides link but fails to act."
207542.0,"I am! and they are also useless! 3 Fridays one after another asking where my items are, do you not investigate your drivers?"
1118655.0,i order from because of Prime they will gv me quick delivery. bt its frustating nw Order # 406-5245970-3169157
656072.0,"ordered some instax film, which leaked. Was at a wedding on a job, so had to throw it away. Would still like a replacement or a refund please. Please advise. Photos attached for you."
1916346.0,Sent reply. Please check and do the needfull
651719.0,Hi i have some issues with Shadow Of War Gold edition
2875643.0,??
306172.0,"The person said they put in a ""Compromised Account"" form and put a hold on the account and said I'd hear back in 24-48 hours."
47841.0,"No worry let it be public, give me my cashback"
2652296.0,Unable to contact customer care service. I am having problem with my earphone I ordered from amazon. Order # :403-8899775-2284335 Product is under warranty.
684702.0,Not yet...But I'll ask right away..
1503844.0,that's normal reply.. i do not need your product anymore. Tell me how do i cancel the order!
1768927.0,"i filled the details, whats the update, everytime you guys will send an email ..thats it? no follow up.. !!"
2984657.0,"I'm being told I'm not an Amazon Prime member when I click the link, but I was not refunded."
183048.0,I have been talking to u guys for 3 days in a row. I don't have any hope now #atrociousamazon
833617.0,I've worked out what's happening. I have my amazon account tied to another under Prime Household. I can't download but the other can - why?
183358.0,My husband hs alrdy filld ths form last time. R u guys specialized in getng d same thngs done evrytm and not taking action.
458873.0,How does Amazon typically make loyal Prime customers whole in situations such as this? Should I expect a significant credit to my account? #amazon #infuriating
790216.0,I've been going round in circles with customer services since yesterday. Do you not have a fraud or revenue protection department?
349627.0,"Last update was out for delivery on Friday at 17:40. Tracker yesterday said delivery was due Friday, then yesterday &amp; now today."
210488.0,"Dear team,it's too late...tell me proper either i don't work with you.it's small issue &amp; you can take very long time,how lazy work of you."
1568797.0,bunch of irresponsible people Because of your tech issue the product got delivered at wrong address. I need full refund now
1118561.0,26 october
585742.0,why dont I get next day delivery anymore with prime?
349400.0,why won't my books ship .
832107.0,I provide delivery instructions why do the drivers fail to follow and pay attention to detail in order to deliver my package?
1953302.0,"OK done, but weird that I select &amp; buy a “Kindle book” but can’t get it on my Kindle, without any warning. I understand that the Kindle brand now goes wider than a Kindle reader, but a warning would help... #amazon"
1043206.0,Query not resolved. Your team is also very rude in talking to customers.
953151.0,Non pas encore mais j'ai été déduit sur mon compte alors que généralement ça ne l'est que lorsque je reçois mon colis
1331874.0,I still do not have my players for madden and I linked the accounts
2884823.0,"Hi, I've read this but not found it helpful"
215210.0,5 days to deliver?? Really.... this is for prime subscription.
1531210.0,can u delvr a product on or bfr 12 nov as dat product is not eligible for prime. I want to gift it 2 my father on his b'dae.
1416828.0,and the person completing my order didn’t respond to my text because order was complete
1424248.0,"yes, but the main filters (sort by price / alphabetical / price drops, etc) are now missing, making it impossible to actually sort the list?"
1472692.0,. where’s Thursday night football tonight?? I know it’s #BillsVJets but still. It’s the principle.
1724677.0,October 10th. Now the app says Nov 14 to 28th.
553360.0,I was originally suppose to get it Thursday November 30th then it said yesterday then it said today and I still haven't gotten it
354669.0,"AMAZON. I saw the truck, the driver scan the packages and left. Didnt bother to go to the door"
231907.0,toujours pas de réponse. C'est vraiment du foutage de gueule
219523.0,there is no new comm. And please stop using predefined templates. I have replied to all your emails.
2800444.0,"Way to screw up a birthday gift delivery that was sent NEXT DAY, () and . I paid for NEXT DAY, why was it send GROUND then?"
947689.0,Why do I keep getting emails thanking me for reviewing products I have never bought or reviewed?
1055235.0,"Yeah I have - no one is home, parcel hasn’t been delivered to my address or anywhere else 😰"
998012.0,Did u even see the screenshot ? The price has increased more then 100 INR in last few hours..and u say its lowest ?? Smell some coffee..
832728.0,I have got the message through link saying that we will resolve ur case within 24-48 hrs. Which has already gone
2459219.0,How long I have to wait???
33297.0,"Alright, thanks!"
985164.0,"Got a reply. Says that I made a return request on 1st November, 2017. Need I say more? smh"
2539596.0,It says its expect to ship today.
1760405.0,/. Yes. I would like to know why the twitter app hasn't been updated yet.
1170089.0,Dónde os puedo dejar un feedback sobre una de las empresas de transporte que utilizáis para enviar productos Prime?
833614.0,I cant seem to use amazon prime on my laptop. Doesnt give me the play option. Keeps redirecting me to amazon.in
291374.0,I had filled above form
44535.0,"De acuerdo, gracias!"
2381766.0,ありがとうございます！ 頼みますヾ(*´∀｀*)ﾉ またよろしくお願いします(〃・д・) -д-))
663748.0,"El paquete fue vendido y enviado por Amazon. Pero siempre que es enviado por medio de es lo mismo. Cosa que no pasa con o , si llegar haber algún inconveniente ellos lo resuelven a la brevedad y con estafeta es un tire y afloje para localizar el paquete."
2819880.0,Never buy again. Worst customer care and no delivery even after 3 days even with #Prime Membership . Feeling Cheated #disappointed #FeelingCheated
229119.0,"hi yeah, you've taken money out of my account twice for one thing"
1217483.0,As i am not going to use anymore i want money in my credit card and not in amazon pay balance (2/2) #BoycottAmazon
1239374.0,"can’t believe I got Fifa 18 on Amazon prime to be delivered today, only for them to not deliver it because it’s a Sunday. Even though delivery was guaranteed today. Hence why I got it. Explain ?"
75839.0,Called up customer care agent dipika supervisor ajay and manager Sohail is unable to do nothing they said wait for 3 more days you will receive ur product !! Why 3 more days if delivery date is for today ?
294289.0,No mail from Amazon
130233.0,sir can I expect a customer care executive on call
1722130.0,to whom you have delivered this package?? Because I didn’t get the package. ORDER # 408-2544425-9781926
516664.0,It was supposed to be today at 8pm. Now it's moved to Dec 2-6th. I expected it all day as it told me for two days it was coming today.
2607493.0,me tenía que llegar un pedido el 24 de octubre y todavía no ha aparecido por casa es una broma o algo?
2485539.0,"Danke, aber ich habe gerade die Email bekommen, dass es erstattet wird. 😀"
2929547.0,Yes. Second order in 2 months delayed by several days past guaranteed delivery date.
445470.0,I have contacted via email on the above link. When can I expect a reply/to have this rectified?
493238.0,My friend ordered product on 28th November showing as delivered (handed to security) but didn't receive product.. OrderID 406-4970784-2395526 Is amazon promoting such Fraudulent activities in India? #PatheticExperience #Shameful
1628587.0,"It is an international order as I am in Canada, however it was preordered back in May and shipped on Oct 19th"
735674.0,重ね重ねありがとうございました。
814412.0,I had to wait till 24th Oct is the resolution?!!!! Guys please talk to your team and get me a realistic solution.
1865038.0,The service team has been of no help at all. I never get a proper answer as to when the order will be delivered. Extremely disappointed.
1761384.0,11/3 was the estimate. Then I was told it was coming yesterday. Today is a new day and I have no package
522941.0,The service boy was so humble and kind. Thanks again.
1986441.0,Help.
1076266.0,教えてくれてありがとうございます！
1368116.0,"Correct, Apple iPad."
1378717.0,Please share some coordinates so we can connect. Good to see your concern of customer. Will wait to see solution..
232702.0,its not owing to security reasons its owing to your uselessness #atrociousamazon #Delhi #FridayFeeling
2790579.0,I was just provided a UPS return label to my email address with instructions to drop it off. That's the only issue. Not sure how to transport a 70lb box to drop it off anywhere. Thanks for the quick response!
235147.0,I am a prime member and had purchased Nokia 6 on 30th Aug. I should have got Rs 1K Cash back. I got only 500 on 27 Sep. Used contact us pg 1
2292286.0,How is one supervisor to remember what was said when trying to resolve the issue for one case when thousands of cases are made everyday
1346627.0,"Compte tenu des épisodes de ces 2 dernières semaines, je stresse, . J'en ai impérativement besoin demain."
989847.0,Would u mind to update me on this. Do u wish to refund my money or u would like to add it in ur profit?
821168.0,Please don't. You are making things worse instead of fixing them. I'd think that someone has stolen my wallet and I'd b done with it.
1325517.0,I wasted my time with you
1705415.0,"I'm in a metro area, not podunk, so I question the decision to use USPS when UPS was timely, accurate, well staffed, and amazing."
2470969.0,いつも大変お世話になっております、ステキなサービスを提供してくださりありがとうございます…！今後もアマゾンを存分に活用させて頂きます☺️💕
1413752.0,ありがとうございます｡ﾟ(ﾟ^ω^ﾟ)ﾟ｡ 楽しむです´ω`*
1622623.0,what happened to this order
21858.0,"OKAY, now I get ""connection timed out"", does GFW play a part here? (I'm in China). Even though, why ""wrong password""?"
2571767.0,shame on you Guys on sending Empty BOX with order ID ORDER # 408-3247241-8732350
2524384.0,why do you have an a-z guarantee when it’s not a guarantee at all?
1325091.0,素早く丁寧な対応ありがとうございます！ヒビが入っていたのは本体ではなく透明なケースですので交換・返品はしなくて大丈夫です！お気遣いありがとうございます！
1259410.0,遅れているわけでは無いです。「この荷物で何時間以内翌日配送の残り時間がこれだけあれば明日のこの時間くらいに来る」という今までの見立てや、配達員さんとの呼吸が全く合わなくなってしまったので、どうしたものかなあと。
1956137.0,Have done that
827127.0,Prime. Time sensitive order delayed 2nd time in 2 months. #Flipkart delivers on time even if product is expensive. Bad logistics
1497307.0,Mail aberrant de + puisqu'il pretend que le colis n'a pas été livré alors qu'il etait dans ma bal et que je l'ai retourné 😂
814420.0,Yet AGAIN i got the message that the consignment is delivered and not physically received? 1/2
509338.0,C'est précisément là que j'ai fait ma demande de facture sans que cela n'ait été suivi de fait et ce en dépit du fait que votre partenaire avait 2 jours pour me répondre
1862475.0,"Nothing from Specialist Team, only normal emails from executives Reminder: All this is happening after assurances frm Mr Bikaram last month"
296740.0,As I have other orders coming. Or emailed. Something. I spent at least 25 minutes on chat with no satisfactory solution. 5/
1298989.0,Can you contact the courier to see where it is?
1421235.0,I AM NOT DOING ANYTHING ELSE!! its time for u guys to either give me an update by tomorrow or face the lawsuit!! I AM FED UP!!
476117.0,音楽書籍ビデオは分かるんですが無制限ストレージはさすがに目を疑いましたね…
1043570.0,"Received the attached reply, now everything is separate but when you buy something everything is Amazon"
757792.0,Have i Ordered too late then?
474392.0,"Why won’t recognise multiple speakers as a group under a group name ? Individually they’re fine, but not as a group. Can you fix this please."
2402411.0,Order no 402-4728553-3940361 and second order no is 402-2662092-4894765..
1737624.0,How is it possible for you guys not to be prepared for a pre order item and not deliver on the day you promised too deliver on. Its a disgrace.
129216.0,Gracias!
542191.0,Paid extra for one day delivery and still isnt out for delivery for today... what the the point
1663589.0,In teoria oggi
1163737.0,i private messaged you please reply
981170.0,Ayer fue la última vez. Estoy con este problema hace 3 semanas
1108748.0,"My last package went missing while you people marked final status as ""Delivered"" It was a clear fraud and has happened with many known ones."
174553.0,I ordered something yesterday and on your site it says it’s ordered and being processed but I have yet got a confirmation email or it being taken out of my bank account. Is there any reason why?
182861.0,Done that already sir
1354479.0,Wht's wrong !Jun'17 a phone wasnt delivered yet marked delivered &amp; now an aquaguard? 15k is imp really!
2135529.0,"I finally got an email at 8:50 this morning saying it won't be here. It's coming from ""Warehouse Deals, Inc"" doesn't show carrier"
2856646.0,I’ve had £79 leave my account for Amazon Prime but I don’t have nor have I ever had Amazon Prime. Could you let me know whom it is I contact re a refund please? xxx
714190.0,なんか…わざわざ返信すみません💦何度も利用してわかってるので大丈夫です。ありがとうございます。
441799.0,"2 orders are late, only 1 was resent. I'll be checking on the other today. The book was a signed pre-order so I doubt it can be made right."
1319012.0,I am not asking for a definite timeline but just a probable time frame. I am sure that's not so difficult.
1429424.0,Froud seller attached with Amazon. Received old saari in place of Raymond Formal shirt.
2542954.0,"Order no 408-1919780-5005966. From Two days m getting out for delivery but without contacting me, getting msg Delivry failed. worst ever courier service. Finally I cancelled item."
2371344.0,"Apparently #Amazon is using shitty delivery companies. As this is the third time our package has been ""delivered"". Except is not at my front door."
1120364.0,let them know about your policy.
766176.0,"how do I get Amazon to stop doing business with a freight forwarding company? I know a company blaming you for the loss of a laptop and laptop bag delivered to a Hallandale, FL address. My friend got an empty box in Nassau, Bahamas via X-Press It. Help please."
1239534.0,I tried contacting the seller but can't get through. I get an email saying they can't receive emails. All i want is my shirt or a refund.
1732592.0,"No does not work, it says not a functioning address on your site go to home page"
785134.0,Thank u ..I know u never help ur customer
2766425.0,"Hi TS, it's a bit more of a saga for a tweet, even with the new longer character limit. I'll give you a taster: Amazon changed an order to out of stock after I ordered. Chatbot misled about order being packed/completed. CS lied about issue being escalated... there's way more..."
356726.0,Third failed delivery from . This is getting ridiculous.
103062.0,where the winners list?
426681.0,Fire tv stick
480458.0,アジカンのDVDですが、今日届きました。 迅速な対応ありがとうございました また利用すると思うのでその時はよろしくお願いします(*^^*)
1005157.0,While exchanging the phone what things need to be given? Do I need to return the box of the phone also?
2969429.0,From Amazon not the seller.
1239308.0,Amazon item. Lots of apologies and promises of investigations.
2849062.0,"Got an order that has not turned up but shows as delivered and signed for by someone i've never heard of in my life. Obviously gone to the wrong place, your help pages just say contact the carrier, how do I even know who the carrier was? Can't see anything that says?"
357381.0,app on Roku tv pauses every min or two up to 2 or 3 min then repeats. Does this for every show. Tv has been factory reset.
1401491.0,if your delivery drivers used the sidewalk they wouldn’t kick over Xmas lights
823164.0,would i need to use my friends email address to sign in or can i use my own but provide details of the account in question
1771689.0,eure Chat Support kann man aktuell ja leider komplett vergessen.
1278913.0,Amazon Order No. 408-1737373-1149912 Bluedart : 50455796543
281189.0,I want oppo fls r vivo v5 Mobil but my Yu Yunicorn mobile should I exchange
1398081.0,"quick Q, what is this slimey goo that arrived on my item, thick enough to leak through the cardboard box it was sent in?"
126342.0,"Since you did not understood clearly last time, I am asking again. If delivery of item is failed due to communication failure, then when next attempt is taken?"
1682697.0,Bon et bien je n'ai rien reçu... Ça sera pour demain j'aurais su j'aurais commandé ma xbox one x chez ...
2151945.0,We already do so. Still we not get any result from u guys
665471.0,"horibl customer support, false promises, and commitment, surely dragging this to consumer forum."
2638472.0,that's ridiculous. You blocked me from call service. can't get the correct reason.
1201249.0,"Where? When I go to Prime settings, it's just colours and stuff. And a FAQ said I'd have to go to my Amazon acc."
2395803.0,"have an issue with a refunded product, please help"
594566.0,Hey . Why is my Prime delivery 3 days later and not next day? Is this because of the festive rush?
1824717.0,You just open my amazon account . my registered email - __email__.
64193.0,Also the link you have gave me is for America not the UK so my order isn’t showing.
1279005.0,Ça va pour l’instant il est prévu pour demain .... avant 20h (mais j attendrais pas jusqu’à la fermeture des magasins pour l’avoir 😉)
2568107.0,iphone. blocks adding more songs to playlist for up to ~30s after adding an album to a playlist (depending on # of songs in the album)
423239.0,Non il s'agit sac à dos AmazonBasics...
2718494.0,"It's been a while since I did those orders. Some were shipped and never turned up, others were never dispatched."
1037048.0,Sir it is showing 28 oct - 1 November. I knw i am demanding before deadline but i was unable to understand for it being in same city.
120232.0,Why would Belgian customers pay for #Prime Video if we cannot order the Fire TV Stick and the Prime Video app doesn't support #Chromecast ? #fail #AmazonDE
133789.0,"Got a phone about a month, maybe less ago, ordered for me by my mum (as I couldn't order with broken old phone) The phone worked OK with odd glitches but then just stopped. Cannot be mended, mum struggling to get reply from seller or Amazon on refund Help please"
2531368.0,"I don’t think so, I did order it then cancel one as I wasn’t 100%, then decided to order again. I’m guessing this is the confusion?"
815532.0,Mais tem alguma chance da Alexa falar nossa Língua? (Português Brasileiro)
1191725.0,22th oct
1041676.0,The logistics delivery courier is so awful. Constant missing packages and delayed deliveries. You gotta do better.
603196.0,You have missed the delivery date for my last 3 packages. I have one now saying delivering today but it hasn’t even shipped.
471540.0,"For context: I bought item A, which they ended up having problems with, so they informed me they were going to refund me. Just received a refund for item B I purchased months ago, and the amount refunded does not match (way less) the price of neither A or B"
236646.0,"साहब, मेरा पहला tweet देखने का कष्ट उठाएंगे आप? I am not able to get connected with your support team over a call."
897525.0,I have been IN ALL DAY WAITING FOR THIS PARCEL.
348230.0,Shared all details. No response.
962170.0,Yes have done this numerous times it’s only just happened has there been an update or ?
2946845.0,"OMG, meu box de Harry Potter já chegou. Passou só 2 dias uteis na . Único problema foi que o livro 1 veio com algumas bolhas de ar, revisem melhor seus produtos. A caixa do box veio com um pequeno rasgo na lateral, mas nada q uma fita ñ resolva."
253945.0,On peut juste commenter l’emballage pas envoyer de photo c’est de la merde votre SAV. Mon carton est bloqué je vais devoir le découper
2394973.0,Already replied
17641.0,#pathetic customer service. New low in e-commerce. Trying to raise a return request 5 times. #Fail
822201.0,hoping u can help prime photos... can u tell me why there's a discrepancy in the numbers? I don't want to lose any photos/videos
868107.0,"Mal gucken, wann auf meine E-Mail reagiert. Oder ob vielleicht doch mal in die Gänge kommt und mich beliefert."
543837.0,"They tried to convince me that the order was in Houston. After getting past that hurdle, I was told the order can’t be replaced because it was not in stock. I was then told that I would be given a gift card. The rep is to call ups to determine the status"
1707046.0,none of this is true. Who writes these notes? I did not refuse delivery. It is not a holiday.
155121.0,"I’m still here, waiting."
2571954.0,"Et alors j'ai acheté un jeu pour cette date je le veux pour cette date je le veux pas 4 jour après et je veux pas payer 3,99 de + du prix du jeu"
2292107.0,This is what shows up now- I didn't actually get any update/notification sent to me. I had to go looking for info bc I realized I hadn't gotten any updates.
1585316.0,"Even though the option of exchange is visible, it is not available for any pin code."
2460312.0,Did it already. Now what?
1060472.0,WAW😍😀🎉🎊 !!!’c’est la 1 ère impression ça m’a fait quand j’ai reçu mon cadeau d’AMAZON quelle générosité🎁
317432.0,三日前から問い合わせも出品者にも何度も連絡させて頂きましたが、対応の連絡がありません。
1222990.0,I pre ordered akira 35th anniversary box set on the 25th of April the order was also confirmed by email and have not received my order
2265448.0,How many times i have to fill up the form dont u have staff to get the details ..... Flipkart is far better den u people
1636630.0,"I bought the 150 prisma pencil set, when I’ve looked through them quite a few are split. Is there a way to replace them."
1690814.0,It was handled after speaking with 3 different people. Thank you
686705.0,Thats great but I don't have one yet and I'm trying to decide if it's cheaper to buy it without special offers or if it's the same £10 difference between the models.
2874019.0,Still errors out. It seems like once the whole page loads it errors out
2791917.0,All sorted!! Thanks Amazon 😊👍🏼
199231.0,I have submitted the feedback from email through my Amazon account.Please do the needful.I had already done same from Amazon account earlier
1137388.0,I am giving you my details .. pllz look into it
1557671.0,"Ils on retrouver le colis, ils auraient du me le livrer aujourd’hui mais rien du tout."
970251.0,Yes i already did so many times.. But nobody sorting out this issue. everybody's saying that sir we will send mail to courier service
490635.0,"I'm saying that when you add items to a cart, Amazon doesn't show you the total amount charged for each group of items as opposed to just the total of everything"
350253.0,It's like this since 3rd Oct. No updates.
959314.0,アップデート確認できました。ちゃんと横位置で使えるようになりました。 ありがとうございます😊。
280420.0,Why should i enter my bank details before i can dee the final net price and its breakup? That is my basic question. 1/2
264447.0,"I Got my #XboxOneX and the Outside box looked like Ace Ventura delivered it, Amazon used to big of a box and did not put anything inside to protect it worst delivery i have ever received thank goodness the #ScorpioEdition box was fine and it is a miracle!"
120161.0,Yea. Shoulda been delivered Tuesday!
497280.0,The original arrival date was Nov. 29th and here is the latest tracking update. I really appreciate you all over at Amazon! 🙌🏻
1240432.0,あっ御丁寧にどうも
2449711.0,Hi Team I got a Amazon giftcard today but while adding its showing invalid code... plz help asap
1118586.0,I have replied to both Krishna and Mahiti! Order ID and such details are already present with you.
1346630.0,Je sens que je vais encore être déçu par la fiabilité de quand je suis coincé et dans l'urgence. 12 minutes.
226646.0,"C’est simple: le télephone et le code porte de l’immeuble demandé lors de la commande n’est pas transmis à UPS=&gt;echec livraison, je rappelle Amazon,redonne le code puis rappelle UPS après 3h qui n a tjs rien recu #bigfail"
227356.0,Then why did you take up the issue? For fun?
1263051.0,already reported . simple neglicece behviouer by amazon support staff. need proper escalation
2103579.0,yeah I am
2987380.0,I sent you guys a DM regarding the status of my return.
1125059.0,yes. They're not sure what the issue is and have called in other specialists. I'm not sure what to make of it. From a consumer standpoint I know you have bigger fish to fry but I also see a mega billion dollar company unable to fix a bug
2384577.0,"as a brand name Amazon if you don't have any facility for pickup then how can you expect from me to self shipped item, also I don't hv time"
1165635.0,I have placed an order &amp; received a mail that my acc is locked. no links in mail to upload statement. Order 111-7098069-9897858
1273029.0,Already share all details
1288880.0,"Ya lo reporté ayer por tercera vez, la última quedaron en llamarme a las 20 horas la chica que habló conmigo y todavía la estoy esperando."
1390734.0,カスタマーサービスは12時間かけても 来ませんでした。 商品はお急ぎ便で2日以上遅れ 未だに届かず 発送確認メールから 履歴に飛んでも履歴がありませんと でて さらにカスタマーサービスの 返事も来ない 本当に面白いですね
720766.0,USPS is full of theives. This happens several times a year to me and my family. Amazon needs to get out of USPS.
1735486.0,I just had the most unpleasant experience with a person who works for prime delivery.
2298698.0,as I said no thanks. I'm happy to take my business elsewhere. You guys have abused the power too much.
2533877.0,Por Amazon
1968335.0,Hey amazon india I just bought orpat room heater frm amazon.. Does Warranty card is valid Em confused coz no dealer seal on it.... Plz clarify
2814446.0,"No idea about delivery promise. I just know I need it urgently, your superfast delivery was too expensive, time is running out, and I could have had it in my hands Friday. Carrier is Australia Post - they usually put things in letterboxes!"
843581.0,"Dear 2 broken desks delivered &amp; now your customer has to pay the return costs, organise the return and oh, there's a refund process... Very poor customer service for the company that is supposedly all about convenience &amp; service #CX #ecommerce #BlackFriday"
483792.0,Claro! En cuanto lo termine os dejo una reseña 😊
2619683.0,Your delivery system is deteriorating every day. Facing issues on almost every delivery. One not delivered and status shows delivered. Initiated refund. Purchased one cover and sent a different. Third missed guaranteed delivery. Pathetic......
2613225.0,Si no lo han enviado porque sigue poniendo que me llega hoy?
650079.0,"Hi, my parcel should have arrived on 22nd Nov, and now i check on my tracking number, it was delayed till 12th Dec ; __ ;"
431229.0,how can u put unprofessional in ur team? i told to ur delivery agent to raise complain then he replied that u do.
2625966.0,. this is a stupid amount of plastic packaging. Please try using smaller boxes maybe?! And recycled rather than 'recyclable'?
603954.0,Says to contact yourselves about it. I also had my amazon pantry delivery but that was successful. This order now says to contact u for redelivery. #whereismyorder
276139.0,My memory is mostly of other kids playing Nintendo. I was a SEGA kids growing up. Time to catch up with my own kids.
717663.0,does this seem right to you?
1391546.0,Order #405-6870644-6019532.. order is over 15 days delayed. Big purchase #WashingMachine. Can you help ? #Discount!!
485195.0,"So you're saying we need to sift through broken glass, sort it, buy packaging, and package it separately before returning it to you? Seems a little unreasonable."
1107268.0,USPS
34485.0,Bonjour et merci. Un vendeur tiers qui ne répond pas et qui après enquête a tout l'air d'être un escroc.
2609223.0,"I tried to order 1300 worth books and now you guys are charging 1200 rupees for deliver so total 2500? really amazon? Can you resolve this issue? and i added pay balance of 1300, in order to resend to my bank, you said you will take 10 days. Help"
1540975.0,"thank you for the informative response, it's nice to have someone that can actually point you in the right direction sometimes :) will give it a try"
911203.0,2/2 and he would have known this on checking the correspondence attached to the purchase.
2926334.0,already have dealt with customer care. Just disappointed and don’t want others to experience the same.
1768285.0,october 31 was supposed to be the arrival date.
523381.0,Said be patient. Rep said he contacted UPS and an attempt would def be made today. sent a link to contact again if not delivered by 12/2.
1610957.0,"Sí, recibí alguno y desde la web me aparece que se entrega hoy pero sin especificar información de transportista ni nada."
180594.0,I have not received any update.. Please update on the email which is already provided to yoy
432272.0,Pick up the items and refund the amount! I do not understand even after raising the concern multiple times across various platforms
941414.0,Gracias. No quedaba claro que hiciese falta seleccionar el artículo en el pedido de un artículo. Esta vez lo miré con más cuidado.
644761.0,"Je sais pas comment faire, sur le site je trouve uniquement pour retourner un article, sauf que j’ai rien à retourner, vu que j’ai pas l’article.. je voudrais juste être remboursée."
2759730.0,"Since you guys at wouldn't stand by your customer promise of 2 day delivery (after ship date), I've decided to not renew my Prime membership. You just lost a paying Prime customer you had since 2010."
98581.0,"A person call me for pick up product for return, he reached home but due to non availability of box he told with to check with company...but he neither revert not come back.... Wat is happening?"
1035989.0,why won’t the iOS app work? Can’t go into cart or account. “Oops. Something went wrong” All iOS devices.
1123643.0,We even asked the customer service to give us vapi address we would have gone and collected it but no they straight said your orders
2611581.0,お疲れ様です、わざわざご丁寧にありがとうございます
472400.0,Still waiting for the action and refund @ pls check and revert the status of refund on order 403-4437505-3123501
1648139.0,"then its time to change your systems as we are facing so many problems with your automated system, let us choose the courier service we want"
2679495.0,"NATÜRLICH!!! Und auch alle Hinweise befolgt! Mehr als einmal! Das ist aber kein Netflix-Problem, sondern ein Amazon-Problem, da auch bei allen anderen Apps das Netz wieder zusammenbricht oder sich gar nicht erst aufbaut, obwohl gute Internetverbindung vorhanden ist!"
2230345.0,The order came in very very late post 8.30 pm but its here
2257291.0,I’ve preordered sonic forces which is due to arrive tomorrow but the item still hasn’t been dispatched yet? What should I do?
1653470.0,I want to cancel my order which I placed by mistake. I am not finding cancel order icon. Help ASAP!
300497.0,"Missed delivery dates, fake delivery alerts, then an actual package, almost a week later. And then I had to go out of my way to send it back"
2918703.0,None of these charges even remotely correspond to anything I purchased from you.
1041188.0,I AM NOT ASKING FOR MY ACCOUNT. I AM ASKING IN GENERAL. WHETHER IT IS POSSIBLE OR NOT
460018.0,Nope didn’t work.
273145.0,ありがとうございます！ めっちゃ助かりました😂😂
967242.0,Ya I reached but they we don't provide invoices for recharge
2318981.0,I don't know what this is nor do I remember making this transaction.
2663011.0,No. I’m just wondering when I need the money on the card.
2166091.0,oui !!!!!
2795402.0,It’s 5pm night time. My package still not here. Don’t think anyone delivers packages at night. Here is tracking info TBA558439396000
2166586.0,Commande le 7/11 en livraison jour suivant on est le 9/11 et ce n’est toujours pas arrivé.
698747.0,"Being share the my order info is personal and sharing the wrong commitment, poor quality is ?. Ur poor quality, venders are? #amazonindia"
334004.0,I get fobbed off and told it will arrive Tommorrow. I pay for prime for a reason and I not at the address for another two weeks from tomorro
2459139.0,"We pay for the item, not for the box. 💯 % Unreliable service! #amazonscam"
2662989.0,Alexa doesn't have access to extended function of Smart Home Hub. Are developers limited?
1106551.0,and when i talk to your online rep or now on phone rep. all you guys doing is say oh it is tomorrow. I said..no read my purchase history
1494810.0,This error shows clicking the Help Pages link it just shows another error. (
866034.0,I have dropped a mail to ceo desk to but nobody contacted
215233.0,Yet not it's Friday.
1200593.0,haven’t got any delivery. How Can you claim that I have signed and item delivered #Amazon
1716730.0,Colis Privé
2462165.0,Well if says it's been received and it's arriving on the 17th-20th November so hopefully it all goes well 🤗
218985.0,why ?? at this location many companies providing COD except Amazon .. no idea why u r not providing such that ..
1578399.0,No updates at all. From what I am seeing online no one who ordered it from Amazon is getting it. Rep i spoke to said inventory issues.
2467202.0,sending fraudulent delivery attempt emails when package never left your warehouse WOW UNREAL SAD
218953.0,Already done. Same old answer. No solution. Do you have any sort of accountability left in you guys?
1669403.0,"Reserve la consola hace tiempo,me aparece que llegará el pedido el 10-13 noviembre. ¿Por qué si la consola se pone a la venta mañana día 7?"
1207952.0,Just take an action against your employees sakshi
1075278.0,Utter disappointed with your customer support..my bad..I chose to be your loyal customer..taught me a lesson
1513355.0,"OK, gracias!"
1602175.0,はい、この業者は毎度のことなのでCSへご連絡させていただきます。配達地域もお伝えしているのでこのレスで受け付けていただけると一手間減って助かりますが^^;
1596970.0,問い合わせ済みです、解決しました。ありがとうございます
206160.0,you guys are fucking bluffs. I️ will never shop in this website again. Locking my account for no reason
784378.0,I am a prime member and booked a phone. No delivery as promised. Pls do something
2721682.0,Original order said the 17th but then changed to 'pending' on the 17th. Still no update.
2011913.0,That makes tracking down actual package--especially if you want to RECEIVE it 1 day--a nightmare. Let people pay more to opt out of this BS
1104442.0,Nope how about you just answer the question if it's a legit email related to my order or not?
191583.0,Confirmation email was 4th Wednesday 4th (today). The order now says Thursday 5th.
125302.0,"Nun gut, ich probiere es mal und gehe dann auch erstmal ins Bett, danke für die Antworten erstmal 😃"
462505.0,It’s with UPS.
1364675.0,Haha merci vraiment le meilleur service ;)
210278.0,.. redelivery until 4pm today!
1483985.0,"I've changed my password, and I'm having trouble logging in. Can someone help, please?"
2909090.0,"hi I got this email, I never ordered this"
2166070.0,great customer service on your app to get a return sorted 👍
1484811.0,I have a question about my order #111-3829003-0327407. Is it really going to be April or May 2018 be for I receive it?
990368.0,The e-mail stated it would be valid until October 22. So a little help would be appreciated! 2/2
695120.0,November 22
843174.0,". what the hell, I was sent a stolen phone, and now I've been sent ""a replacement"" but it's just an empty box!"
801647.0,No! I've left a delivery feedback
480362.0,"What I want to do is exchange it for the same one as it’s a birthday present, I can only see how to refund, though I have been lost on the internet before."
2245218.0,"Really enjoyed having my amazon parcel turn up, OPENED and half hanging out. Literally handed to me that way by the delivery man. Shoddy work. 😤"
2371308.0,"Honestly, I’d like to cancel my order and just get my money back"
1148696.0,This is the humble request from Amazon on 7th October that asking time till 10th October and today 24th October.
1076374.0,"You have mailed me the same thing that u cannot do anything, that's disgusting , Request you to escalate this."
1112580.0,All of them man.
2142942.0,"Got notified by my bank there's a pending Amazon Payments transaction, but nothing listed in my account or orders. Help?"
142877.0,Thank you! I've already printed the label and re-ordered!
105137.0,Called the CS already. I think I'm just going to leave it charged for at least a few hours and see what happens. I am so confused right now.
2609282.0,No. Last email was a dispatch email Wednesday 15th. Had no idea about the delay until I opened the app to look at something else this morning.
182804.0,Finally the product is delivered.
2393577.0,.please help.....i am unable to contact customer care as i have some problem with my address...but all contact numbers are misleading
676826.0,I wrote an email through your website weeks ago with no reply. Currently three orders are delayed as of today- all have been “out for delivery “ since early morning- but now delayed- awful
320348.0,1__credit_card__ Your customer support is horrible
1332200.0,"you must give incentives to these real marvels - delivery guys4 the wonderful work they do,on time every time!"
815532.0,Mais tem alguma chance da Alexa falar nossa Língua? (Português Brasileiro)
2512726.0,"waiting for the replacement for 2weeks, only for you guys to reschedule the pick up again &amp; again. Please contact."
1558916.0,"Well, it seems that something went wrong with your calculations. I started the plan more than a month ago. Nevermind."
1561925.0,いえ！リプライを頂けてから、その方法もあったのですね！と現在確認させて頂いている所で御座います！ ありがとうございます！
377032.0,"cancelled two orders on me, now both unavailable, been waiting months for them and got screwed."
1038870.0,sbi card offer valid on Amazon pay purchase?
535054.0,"Right now I’m going to an actual shop to get what I need so my daughters birthday is not ruined. You have my account details, you know my issue so why should I waste my time by filling in a form and telling you again?"
2889371.0,"Hey yesterday and today when I’ve tried to log in or reset my password the website says I don’t have an account and I definitely do. And when I try to go to customer support I have to log in to get there, which if I could do I wouldn’t have to go to customer support."
2652347.0,I hope to hear back from you and that too with someone professional and knows how to deal with irate and irritated customers and change them to satisfied customers with a better customer service experience.
21397.0,"😂😂😂 Wie gesagt euch ein schönen restlichen Feiertag, auch wenn ich Supportet (nennt man das so?) 😂"
1990142.0,I just want my computer. :(
128005.0,Are You Going Refund my Money (YES/NO)..I have been quenching your Lust since October Answer me YES/NO..#DIGITALMAFIA in #Digitalindia
1387699.0,how to do I stop my prime after the free trail exposes so I don't get charged
1245380.0,Is it possible to buy an electronic game code from US site to be used on AU one?
1245955.0,"My package was schedule to deliver today by 8, after 8 I received notification that it could be within the next 3 days"
2565504.0,😹😺 Génial !
388467.0,#shameonyou last 5 days give me only next date #CustomerService not helping . Very Disappointed 😔😔
2895987.0,"5th order in a row for the delivery to be delayed. Needless to say I am getting VERY frustrated, especially considering I live less than 10 miles from the distribution center that they are being shipped from. And it is not an inventory problem, order ships and then."
2611523.0,Non aucune raison évoquée...
1285483.0,"I ordered an item on Tuesday with next day delivery, but it’s still not arrived, help??"
1410715.0,メールで問い合わせしたら、メールで回答すると返ってきたが、全く連絡がない。少なくともアマゾンジャパンはアマゾンの企業理念を無視した運営をしている。期日を守らない、根拠なく配送会社の責任にする、金だけを取る。この女性スタッフは客をなめている。
579848.0,When send you a letter offering you a free trial of Prime and then charge you for it. And then keep you on hold forever. Thanks Amazon. Good use of paper and time.
2795310.0,Die Kauffunktion habe ich gerade sofort deaktiviert und die Bestellung konnte ich auch noch rechtzeitig stornieren. Danke für eure Hilfe.
2522247.0,Sir its been more than 5 days since cancellation was done and I still don't see the refund initiated. Don't you think this as a clear case of cheat on part of seller and you should refund the money ..on the forums I could see that I am not the only person cheated here
1695868.0,How soon after a return is delivered to your hub in KY will the refund be processed?
13888.0,I have visited multiple times. why would a sc change uts policy to meet ur unreasonable demands? this issue is ongoing since 1.5 months.
91339.0,Et comment je fait.....?
2611566.0,"Naw, they just said the fulfillment center has a system issue, but that doesnt help me at all"
2208508.0,"for orders, that's all customers have, and it becomes very misleading if the entire order takes a whole week."
2374505.0,"Order damaged in transit and I already spent 45 minutes on the phone today to try and have everything reordered properly and expedited as it should have all already arrived. Very frustrated, still not done."
30028.0,ご返信ありがとうございます。問い合わせさせていただきました。ご丁寧にありがとうございます。
1778523.0,UPS Tracking # 1Z885V9Y0335547354
1319318.0,How many times I have to fill this form
1147868.0,I've just tried your calmenow service and I've been told it's unavailable
2280810.0,I have to login to view the page.
176371.0,It was ordered from
897620.0,Can you'll request an expedite? The gift is for my bro who has a train today by 6pm. Its #Bhaidooj #Diwali #gift 😕
353201.0,Just because I got a faulty phone piece
2474898.0,"meu Kindle travou e não responde nenhum comando, alô ajuda nois"
128009.0,Oh my God 4 Ur awsm resolution..I m so excited 4 u continuing perpetual harassment...Means (NO) You hv looted my money #digitalmafia in #DigitalIndia
1693640.0,I've pre ordered Xbox One X with you and it still has not dispatched and the money hasn't been taken. Is this normal?
868658.0,AMZL US
382331.0,"I AM IN EUROPE, I NEED TO SPEAK TO A PERSON, A NEED TO SPEAK TO SOMEONE AND GET ANSWERS, ITS BEEN TOO MUCH. GET IN TOUCH WITH ME."
2292196.0,Vendido por Amazon. Como lo solucionamos?
2615137.0,I'm talking to someone who doesn' seem yo understand. Cancelling my prime membership and official complaint going in. Third messed up delivery in a row. Simply not good enough.
990222.0,"Let all the people know , what is happening with your customer."
752380.0,hello i just received this email its look my amzon account hacked i hope can i get my account back
446135.0,", please any advice? I'd like to get my stuff and not have another mishap"
2536343.0,Yes I did
1357698.0,starting to doubt prime is worth it. The eta of my orders lately all went later then told while ordering
2456095.0,my registered email to u is __email__ can access there.
476124.0,Where is the result of LGQ6Appquiz ????😠
811609.0,I didn't even get the fire stick I got 2 trash cans and one is broken?!?
1772701.0,I opted for Monday delivery over Tuesday since I'm going out of town and need the item in time to set up. Now it's not being delivered until the 10th. When I am gone. That page does nothing for me.
1319033.0,Please reactive my account
355343.0,can you contact me please as my email has been changed without me doing so and now i cant sign in?
1310278.0,How about being clever with your remarks give me an email address I can use so you can assist a client!
2900972.0,Yes I am
2745897.0,"Thank goodness for 2 factor. Just got 3 emails from saying “to verify your identity, use the following code.” Password change time"
158622.0,Yup! It’s saying incorrect phone number but I got a text yesterday so I know it’s the right number
1550247.0,現在カスタマーサービスで問い合わせをして、返答待ちの状態です。プライム会員になっているのに、プライム会員の会費が払えてしまう状況はトラブルを誘発させてしまうと思います。自分も払う必要のない会員費を複数回払ってしまっています。
420280.0,Already done need urgent resolution for same.When could I expect revert on same.
36507.0,"I have Prime.... I have a trial of Music Unlimited that came with Alexa, is that what you mean?"
2119303.0,Nobody at has made me feel like they give a shit about my issues at all in the past 24hrs. Dreadful customer service and has 100% made me reconsider any future purchases.
1719163.0,"Si, todo está en orden ya me apareció como 3 veces eso"
2679319.0,hello I ordered two books and literally got this? I’m sorry but how can this even get mixed up
450778.0,Solo me llegó un cobro a mi tarjeta de 459 pesos pero ni idea de que sea.
179122.0,done thx
147313.0,I can’t purchase for advertised price $314. In cart it says $494.
1469940.0,USPS. And it'll get here eventually. I'll just have to be sad w/o the new for this weekend.
1377734.0,what the hell is this? saree???? can u see what has been searched for? has your search algorithm gone for a toss?
2296043.0,Yes but I asked for replacement! This is the 2nd del that your carriers are incapable of following instructions!! Last del was left on front door step and it went missing.
573996.0,"I order a product , try cancelling it.. doesn't get cancelled..get the attached email..tried returning says only replacement..called ur customer service..they say return it on ur own."
2568126.0,2 day shipping huh? Does this make any sense to you?
413013.0,sind eigentlich die dashbuttons an die Produkte gebunden die da aufgedruckt sind ?
2321625.0,"Yes I still haven't received the product, tried calling delivery agent but no reply."
1554369.0,That link has not helped me one bit. Can you give me the customer service number please.
522617.0,"Reminder - Pls provide exchange services to this location as well. Its in Delhi/NCR only(131001). Amazon pantry, 1day delivery all available here but why not Exchange service. Do the needful"
2301610.0,quando comprei tava disponível. entregaram os demais pedidos mas esse em especial aconteceu isso de ter esgotado
490436.0,Or I got scammed by one of your sellers.
1266470.0,Caked multiple times but I'm not able to connect to a cust. care exec. There's no section on your app to address such technical issues!
272647.0,one more thing please provide 'Amazon pay balance' transfer to Bank account so we could add more balance without any hesitation. Thanks 😇
2884195.0,You cancel my order. Expect me to buy at a higher price. Your customer support can't read the tickets after explaining the problem several times: First telling me the account is reinstated then telling me prices change. Honor the order. #scam #baitandswitch
108162.0,Melhor loja. 😍😍😍😍
205060.0,Wednesday night
1568789.0,plz call me it's urgent
450706.0,"it's here!! I've received my ""lost"" packages!! Huzzah!!"
231844.0,- my book isn't available on Kindle in Chennai but it is in Delhi?? Pls help - don't want to lose a potential customer! :(
873760.0,10th time this year you’ve failed to deliver by your “Guaranteed” delivery date. Why is this so difficult?
1722149.0,contained office stationary and 48 toilet rolls. All sodden and were thrown away. You have refused to refund unless I return -
1603813.0,"yes sent mail to your customer care, need to resolve earlier"
287894.0,how it differ with your previous replies. #GetALife #WillYouFast #winterishere
2733991.0,"so 3 customer service calls, 1 email complaint, 1 Twitter complaint later, an urgent Prime order has now been rescheduled apparently at the request of the customer. Cuz your delivery team can't be bothered to travel 5 km and make a delivery! Delay to another day instead"
379573.0,I bought this on &amp; already tossed the box. I definitely can't keep it and risk the malfunction &amp; nuisance again! Pls advise.
206124.0,Give my money back! U crooks !
1108180.0,I think Amazon gine mad ...product worth 1750 and delivery charge 1000 ....plz remove delivery charge i want this
365625.0,"Amazon delivery driver speeding &amp; erratic on our no outlet road in Duluth, GA yesterday. Texas plate ending 1880. How to report?"
215158.0,"Cómo cambiar mi cuenta y ver todo en francés? no solo durante las películas, sino también instrucciones, descripciones, trivias, etc..."
2962639.0,"No hay opción de CAMBIO de un producto por otro,no? Sólo devolución y solicitud de uno nuevo..."
1185026.0,... at it again with the same bullshit. Its clear as day there is no gate hindering access to the front door. It's right up the steps.
974814.0,Purely because an investigation is on going and it's from a third party seller. Not good enough. Inept delivery driver isn't my fault.
1245790.0,配達業者さんにお電話しました！ なんと丁寧に... ありがとうございますm(*_ _)m
1723414.0,"I have done everything; asked neighbors, safe places etc. How can say 'delivered to customer in hand' when its clearly not"
1565853.0,De toute face cela ne change rien . Ce n’est pas la 1ere fois et j’ai toujours le même refrain inutile. Très en colère 🤬🤬🤬🤬🤬
2602243.0,"Sir,I am surprised that Amazon India refused to speak regarding order as if to force the item on the buyer.There is no choice at all for personal disappointed and that is frustrating"
74662.0,Merci beaucoup!
2397081.0,Used the link. Filled out a form. Received this email back.
830525.0,still not getting response very poor service No one contact me.
812425.0,Order has already been placed...
755125.0,Erm this isn’t my house....
926298.0,the parcel I was supposed to be getting today now says delivery expected 13 Oct - 19 Oct?
1420072.0,"si, dice que mi pedido ya se ha entregado pero como no hay nadie se regresan, pero aqui he estado en la puerta!"
163576.0,How many times?Should I drop my request again and again ? You don't have trail of communication.
1115765.0,"No, Oct 23-27. But status has been Received, Preparing to Ship for 6 days. Today was the anticipated ship date."
1129356.0,It was directly emailed to me by your customer service department
278980.0,Its UP TO DATE. FIX THE GLITCH INSTEAD OF TEACHING ME HOW TO FIX THINGS
651458.0,Where can I find them? And are they gonna make DHL come to my house today? In time for my friends bday? Or will I just get apologies?
1727460.0,I'm having the same issue. Except it's saying it's shipping. They've been sitting on my money for over a day
2793002.0,It says it was shipped today. I used prime. Don’t understand why a delay
2371330.0,It was supposed to be delivered yesterday than it said today and still nothing
2834292.0,I am sure you will do the inquiry and come out with a result... however I have also logged a Police Complain and if I don't get my product in next 10 days.. I will be forced to go to Consumer Court... Rest assured I will not let go my hard earned money
235675.0,9928876710
2290544.0,"Ay, pero aquí sólo habla de los envíos desde Amazon México, yo pregunto de la clausula de Amazon Prime donde dice que al contratarlo puedes recibir envíos gratis desde Amazon EEUU. Se trata del 4to punto de la imagen que adjunto."
1404766.0,. . Haven't received the cashback for last 2 Amazon pay top ups though I was eligible. My email id is __email__.
995455.0,How many more times i have to update this information
951847.0,"After one day the HDMI-SCART I got from you keeps losing colour, if I have got a faulty one, how do I get a replacement?"
1673657.0,just had the worst experience ever with Amazon chat and phone support! HELP!
2290054.0,"Thanks for helping. Yes, I have tried that."
448222.0,Leider noch keine Rückmeldung
525618.0,Still Awaiting solution to my grievance. It's been two days and now Amazon will say It's been over a month since delivery so can help even though I have been raising the issue since 01 November 2017.
436353.0,"Finally Ask. delivery this product Or not.IF NOT DELIVERY PRODUCT TODAY GIVE STATEMENT TO ME ""WE NOT HAVE SERVICE IN CHENNAI 600034"
162022.0,Normalement ça arrive demain inchallah
175377.0,I can understand that it's black Friday but I was informed it would definitely be here tomorrow.
440262.0,"Already done, no response. Seema u ppl r busy looting other pupil"
210384.0,"If I pay for an Amazon Smile order with a GC, does it still generate income for the charity? Or do you have to pay with CC?"
93471.0,"It was originally 11/28. The Salvation Army is set to pick up gifts on today ... And I don't have the gift, so my Angel's gift is incomplete."
2122305.0,Well done and Xbox one x Scorpio edition broke right out the box and no other limited editions to replace! Fantastic!
409347.0,I returned an item unopened because I do not need it.I am not being refunded the entire amount. I am not happy.
323331.0,"As far as a delay and a reason for it? No, one item just shipped separately from everything else."
2391260.0,"Your delivery agent sucks , they don't pick calls and I know you people are not going to do anything , your India management sucks. Take customers for granted."
284793.0,pls provide update on replacement for order 405-4667794-2664359. Already spoke to CS more than 5 times for one replacement.
2980993.0,Earlier today my package said it would be arriving today by 8pm. I checked later and it said sorry it wasn't delivered. Nothing else.
2551995.0,Order number 408-8626159-3878732
250670.0,Zustellung heute Und Transportdienst ist Amazon Logistik
1127265.0,「今すぐ買う」ならワンクッションあるということですね。安心しました。TL上であまり長くなると良くないのでこの辺りで失礼します。ご丁寧にありがとうございました。
2961759.0,"En este segundo pues la""entrega garantizada"" era hoy pero nada aquí estamos de nuevo sin el paquete. He puesto tres quejas por si sirve de algo"
973127.0,YES! But why can't I purchase the kindle version?
2936644.0,"Me: Why have you taken £1 from my bank account? : idk Me: I haven't ordered anything. : Yeah, your account confirms that. Me: ...then why have you taken £1 from my bank account? : idk, maybe cancel your card? Me: ??? : idk"
1378486.0,返信有難うございます。 キャッシュクリアと再起動しましたが改善されませんでした。
1293699.0,"Thankyou, I think the cheaper price must be the amazon fresh price?"
616960.0,Did get the update??? Again shared it around 11 hrs back! #BadCustomerService
912903.0,Dont try to demonstrate your so called policies and formalities with me.I have given the order id.If you intend to help do it else leave it.
965144.0,I have used the amazon link provided in the previous link logged into my amazon account and given u the details. So can u not view them 1/2
1225764.0,I preordered the Xbox One X and selected one day shipping. Microsoft says that it releases 11/7 but there is still no release/delivery date on my order. Trying to make sure I am home that day. Help?
1557670.0,D’accord je vous en remercie
2673154.0,Il est en expédition mais qu'il devait arriver entre hier et aujourd'hui
394919.0,"Hey , any reason why the movies subtitle has to be so small and hard to read it in #AmazonPrime ..."
23218.0,"I was told my account is on hold, if I can’t use my gift cards please return my money back to me Okay"
2463073.0,"Hi, no wasn't given an exact eta and was asked to wait few more days. Amazon was unable to give me who your 3rd party shipper was as I know you are partnered with several 3rd party sub-contracts that are working for Amazon logistics"
650108.0,I didn’t pay postage in the post office because I used the free returns labels from yourselves but you’ve cheated £8 to return two items that are both from the same order
1953442.0,my parcel still hasn’t arrived even though it said I would receive it on 14th November
1391139.0,What qualifies as an eligible item so that my automatic credit can be applied? Any Prime item? Is there a way to check? Thanks!
276146.0,"plz update?still,i am facing issue with the phone. i hd raised a return request, technician verified but no response from Amazon"
2957040.0,I've contacted twice via chat. Both times they promised delivery before the office closed but still no package. Now going on 3rd day after guaranteed delivery date.
295331.0,my parcel was meant to arrive today and it still hasn't?
2664637.0,"Honestly I'm not sure, could I DM the order details? I contacted seller a month ago but they said it was thru amazon but still uncertain"
1201298.0,i ordered it through AmazonUK
2954412.0,Super mario oddyssey edition
74738.0,livraison estimée entre le 29 novembre et le 1 décembre. J'ai hâte !!!! Même si mon compte bancaire en prends un coup ahah
361318.0,"the app does not allow me to view my account, orders, list, etc. I’ve deleted it and downloaded it multiple times."
1386894.0,Deleted. And thanks.
1652965.0,Les livreurs Amazon m'ont dit à plusieurs reprises que si je n'étais pas présente à mon domicile et si pas de voisins = pas de colis
2084578.0,"your email service help is absolutely terrible, all i get is scripted answers. Anyone capable on here??"
1170028.0,So this hasn't been very helpful.
2734252.0,Y'all are working as hard as possible to make me drop Prime and stop shopping with you. #WrongOrder #again
2290545.0,"Envío estándar gratis por Amazon EE.UU. ¿Solo tengo que ingresar a la cuenta y en automático se me ofrece el envío gratis? Por que entré con mis datos de mi cuenta y me dice que no tengo amazon prime, pero en mi cuenta de MX ya está activa."
478517.0,Sure! It is the Xenoblade Chronicles 2 (Collector’s Edition).
2290572.0,😂 faremo un altro ordine💪
2542959.0,"Just realized that's an Amazon UK link. 😅 No wonder I was having trouble ahaha. Okay, email sent via the US site just now 🙂"
582650.0,Already done that. But you may want to look into the fact that parcels are going missing....
555336.0,. vous me conseillez quoi comme moyen de manutention pour ce parapluie ?
1122315.0,Tried it but still no response from airtel. I am not sure what to do. Do you have any contact where I can escalate ?
1344480.0,"No, pero ahora voy a hacerlo."
735051.0,Mittlerweile find ichs echt #lustig .Hab einfach mal bei den älteren&amp;bei den asiatischen Nachbarn geklingelt.War ne Mischung aus beiden.
1121796.0,done many times bt their answers wer unsatisfied!
1057353.0,failed to resolve my cashback issue. Cheated me with fake promotional offers 🕵️
2935894.0,L'expédition est faite par Amazon
1311445.0,email recu d'amazon cet AM: Votre colis est pret dans un autre point de retrait suivi sur amazon.fr: expédié- en transit suivi : colis au mauvais point de retrait chez le point de relay indiqué: on n'a pas reçu votre colis
1814095.0,[2/2] i follow up with u guys and and from long time now you want me to pay money for repair then what is meant by manufacturing warranty?
2483749.0,resolve my issue now. I am a prime member and I do not get any assistance when a package goes missing?!?!
2349518.0,I've eagle's eye on my mailbox but haven't got any update yet.
561710.0,Contact with amazon.de via chat does not work?
232818.0,わかりました。 ありがとうございます!!
2330869.0,リプライありがとうございます。謎のアマゾンポイントの増加があり、そこから確認したところギフトカード等の身に覚えのない購入を確認しました。とりあえずアカウントパスワードを変更し、カスタマーサービスにご確認いただきたい旨のメールを20日AM1:30頃にお送りして、返答待ちの状況です。
255033.0,"Please fix your issues. If I'm losing money, you're losing money."
1199464.0,お気に掛けてくださりありがとうございました。フォローさせていただきましたので、今後もし何かありましたら、その時はよろしくお願い致します。 メールに記載されていた電話番号は控えているのですが、一応DMで報告した方がよろしいでしょうか？
2102665.0,8th - 9th November
27830.0,"JA- Bestellung aufgegeben und danach kam die Email, dass ich keine Zahlungsart haben"
26880.0,"hi, I have a credit card charge for prime every month when I am not a subscriber. Can you help?"
923734.0,Je viens à l'instant de recevoir un email confirmant le retard ! Merci de vos réponses rapides dans tous les cas !
588663.0,thanks for the insult
1191696.0,"r u a bnch of assholes really? how cld u jst delvr prdct to any1 wtht evn callng sender/receiver, bloody cunts !"
1190172.0,I will. Where do I contact Amazon customer services regarding this? Thanks
811615.0,submitted my details but what are you doing right now.
2487004.0,Ce n'est pas possible d'envoyer via mail ? Même si je doute encore de la sécurité de mes infos..
126085.0,I can't possibly reply to the rubbish below! I have checked the details and and see this issue is already escalated and the team is investigating on this. Please allow us 2-3 business days to get back to you. Please be assured the issue will be resolved.
1144144.0,He was African american about 5’9. He had a afro yellow teeth dirty wrinkle clothes. He was driving a beat down car making all this noise
2380875.0,"Done. Look forward to having this resolved at the earliest. Although please note that my concern is with Amazon US, not India. Also, I used my number to sign in through the app so I do not have any email associated with my amazon account."
2375340.0,Still no call. Still no credit. Wish I was surprised.
472286.0,UK author central account. I have it already on
450753.0,"La fecha era hoy jueves 30, y correos solo me ha mandado un mail con un link al estado del pedido que no me facilita nada"
1604518.0,ça roule ! C'est dommage je viens de recommander je vais recevoir 2 fois le même colis haha faut pas que je me trompe dans le retour !
1738961.0,what is the out come?
2352253.0,why have I been unable to track my order since 9th November
26967.0,still no response. Great going guys
1762319.0,"not satisfied with service, got a gift from Amazon as im winner in sennheiser step contest, got defective headphone"
660351.0,I can’t give you money ;) the app is going back to the car every time I try to place order or change shipping. Have reinstalled to no avail
2377234.0,yet again package not delivered on time when shipped via AMZL US - what is the point of guaranteed 2 day shipping if they never deliver on time?
2956049.0,3 days in a row I’ve received an email saying my package was out for delivery today and then 3 days in a row I’ve received an email stating my package was undeliverable due to my address even tho today I received another package from amazon #BoycotAmazon
1499851.0,Ben c'est assez simple ma commande avec mon honor 9 devais arriver se matin et j'ai reçu un mail me disant que ma commande subira un retard
947190.0,But the invoice by emaip also says save ₹120. So that is a false statement?
1600423.0,"I have done that, but how do u xpect to mek up fo my mum’s birthday that ur incompetence spoilt?"
2771728.0,Well I received an email stating someone will try their best to respond within 6 hours. How good is that if time sensitive #amazon #CustomerService
2392705.0,ありがとございます。 メッセージセンターで確認してみます！
1257469.0,Absolutely none. There wasn’t any mention of “only 1 left” on the page either and I doubt it’s a super popular item because it’s expensive
2540378.0,"No, no, todo genial. (Gracias por el consejo). Es que pretendo torturarme leyendo un libro terrible para el entretenimiento de mis seguidores y sin vosotros habría sido imposible :')."
2052279.0,"Yes. You have. The current status is it's suppose to be in the po box, but it is not. Stop using Surepost!"
1495262.0,Aye that’s the price I originally thought I was paying now it’s £45.99 I paid
1826070.0,done already.
781624.0,I am asking if i can have the list of release dates of every upcoming movie and tv show on prime video 🤔
1105778.0,Check your mails ive attached the same there as well. Refund ASAP
780579.0,And u believe me to trust that? Lol! When u guys can't take liability of ur own mistakes it shows what u guys are really..
1350069.0,I literally saw the truck on my street
512381.0,It says it has been dispatched- I checked the tracker on my confirmation email and it says it should have been delivered
837518.0,today one more order got cancelled... leave it you are fooling people by reason pricing difference
396904.0,I haven't received any mail yet.
2766934.0,"Order status is ""Refund issued"". Not contacted as yet (other than on here!)."
665163.0,I ordered a set of 6 frames and one came broken. Can I just send back one or do I need to send back all 6?
2269180.0,I have not received
2499122.0,I’ve already done this but no confirmation that message was received and no response as yet
1672060.0,Je vous ai envoyé un message privé.
2925494.0,"The delivery date was today, November 28, the day it was released."
535700.0,None whatsoever. I’m just going to consider it a loss.
1749452.0,Is there a phone number to speak with someone in the Amazon communities department? That's who I need to speak with 🙂
2319003.0,Hi team still pick up has not happened for my damaged crockery.
460036.0,But I've had packages delivered on Sunday's even. I ordered these when I did because of the Prime and now they won't make it in time.
698714.0,Kindly place a new order? That I'll do but with Flipkart I've never heard such occurrences with them anyway thanku
1021613.0,Link does not work - incorect product.
2795300.0,Still no package
1338703.0,nice one estimate between 12-4. Wait for 4 hours still no sign. Won’t be renewing my prime.
1585316.0,"Even though the option of exchange is visible, it is not available for any pin code."
444246.0,I don’t think you sell anything not nice. Love the prime next day. I now have more football books than I’ll ever read.
2480951.0,That is correct.
1193945.0,you are welcome and not yet.
2475942.0,Vendido y enviado por Amazon
1590595.0,They initially thought it was a product glitch that could be solved through reordering. Turned out the dog food is suddenly “fragile”
2103021.0,What happened to the Bay's episodes?
394423.0,"Langsam hab ich echt das Gefühl, will mich verarschen. Wollen die Nachher wieder sagen, ich habe geschlossen? (cc )"
990990.0,"You need to be honest with shipping date. If it says my items will be shipped on October 19, then it should be. Otherwise please change the shipping date."
1489791.0,Thank you Amazon just arrived she will be home from school to her surprise shortly much appreciated to all that made this happen 😊🎉🎁
1043173.0,On the last email received from. Your end I have replied but no body had replied me
144220.0,返品のリクエストをしました。 わざわざありがとうございます。
2319742.0,"Same empty promise as I got on Friday, Saturday, and Sunday...you will receive package ""tomorrow"""
833645.0,"There is also no option to request a refund on items, only to return them. We can’t return items we didn’t receive."
2840123.0,"not quite sure how Amazon understands days of weeks and counting. Today is Monday, thus two day shipping should be Wednesday (not Thursday) if one is is scheduled for Tuesday."
1022771.0,"Hi, no I asked for a local hairdresser and it supplied one where the business name was changed 5 yrs ago so people wouldn’t have found it"
1511982.0,Done via email.
716583.0,It says prime but I don’t understand why.. I don’t have or use prime.. it’s just been taken out of the blue
131755.0,Orders going missing. Orders being returned with no explanation. Guaranteed delivery never guaranteed. Need I go on?
448648.0,"Date at checkout was Wed 29th. Then had a notification saying would be delivered today, now just had another notification saying will be delivered between 1-4 Dec. Also I’ve given the delivery guy the security code for the delivery address and it won’t let me delete it now.."
134929.0,"J'ai contacté votre service client, 12h au minimum, tant pis, j'aurais essayé."
1474662.0,"Hi , Thank for choosing for my mobile dilivery , I got it yesterday instead of coming Wednesday, means 4 days earlier."
191942.0,WTF! I've been waiting for this order for years! Using the same payment method - I have always used! WTF!
2115651.0,whats wrong with your customer service guys. Can a customer not talk to your agents for any query? #pathetic
1430073.0,why does doom on the Nintendo switch not have the option to have the game delivered on release day? I have prime!!!!
2492198.0,bonsoir j'ai déjà contacté le SAV ils disent qu'ils répondront sous 48h mais dit qu'aucun litige n'a été ouvert :(
315051.0,I have already written to you and got Machine Generated like Apology mail. This happened twice in a week. And no proper response
231716.0,"hi guys, delivery given to neighbour despite notes on the order for where to leave packages. Neighbour not in and this is a present. Help please :("
2809821.0,Yes. That is mentioned in my tweet to delhivery.
1362497.0,I've been doing that. They contacted the courier who tried to say it's the wrong address... Which hasn't changed in over a decade. I got a copy and past response from the CS team trying to tell me this is an isolated incident but it's most definitely not
264761.0,Tracking ID 211176371119 . Status- Delivery Attempted!! supposed to get the item yesterday!! Very Disappointed!! No Agent info!!
550512.0,TOMORROW
2260624.0,I tried. You were closed for the night in the UK and the bot only recognizes Prime orders not Prime Now. The human I spoke to in India couldn't help either. Got through this morning and refunded. I just hope Alex your driver is OK. #stillonhisway
530022.0,hey check this order no 402-5877675-9719558 it’s showing order has been delivered but I haven’t received. Unable to connect you via customer Service portal plz look on this asap seems like a fraud case
2141978.0,"Amazon, el vendedor lo envvio"
746809.0,why do you guys insist on putting the section to actually get a service call in the most difficult to find place?!?!
2126677.0,"Oui ma commande n'est toujours pas arrivée :(, je suis peut-être un peu trop impatient, mais elle avait déjà été reprogrammée"
1271870.0,J'ai effectué une pré commande pour wonder woman y a deux semaines et le règlement à été rejeté aujourd'hui 1/2
83443.0,can the “customers who bought items in your basket” be turned off when I’m items saved for later on the app. It gets in the way.
872675.0,Excelente! Gracias a su servicio de entrega! Ahora si a jugar como loco este fin de semana!
1168474.0,ok thank you. I believe everything is ok now!
686656.0,Not really. I’ve tried to return the parcel but the label you’ve provided isn’t suitable for package. I need to be provided a new level. Is this possible?
1327052.0,still no reply to my messages!
2273181.0,ペルソナ5のピアノ版サントラもオナシャス！！
1786069.0,"Thanks for the link, I see the page now, but the option to sign up for Prime student is not working. Do I need to sign up for regular Prime first and then verify my email?"
1937586.0,"only one of the items, although I had already been charged. Mine has gone through, I don't know if his is still pending"
1277034.0,"thank you for routing my package from the city is was to be delivered to a city far, far away... take a bow!"
2488903.0,"It just says tomorrow. And seriously, I was in, nobody came to the door, I was by it once the map said the driver left the previous delivery. And I can't stay in all of tomorrow!"
972733.0,Dont know what u mean by account specialist. I got 1 email from __email__ saying I changed my email to a different one
419578.0,"It is not about Self return policy, it is about the unprofessional behavior to accepted the shipment at earlier mentioned location"
234828.0,I tried emailing and on the phone it’s on 1 account they don’t know why I’ve been charged twice but now I’m just without prime😡😡😢😢
230668.0,"Thanks for the reply. But the shipping was free, or do returns not work that way? Thanks"
784723.0,Please assist I still haven’t received my email for access
855960.0,Aujourd'hui
2555098.0,"just gave details, thank you for getting back to me so quickly"
2290851.0,Not able to link the URL of the tweet !
2475936.0,"Hey If I am sitting in my house all morning how can Amazon Logistics claim to have ""tried to deliver"" my order?? Blatant lie. And why is it impossible to contact you via your website?? Shockingly bad service"
1665245.0,Dans le cas où vous auriez des doutes :
2379669.0,We already spent 25 minutes on the phone with your incompetent staff. Directly assist ? She had the opportunity to strike whils the iron was hot!! Call the driver and get him to return the phone. We call within 5 minutes of the incident. We went Amazon to sort this NOW!
980117.0,I have replied to the mail. Please check.
2390477.0,"I have recharged my mobile number (Jio) using the balance I loaded in my Amazon pay wallet.. So actually there is an offer that If we recharge in that manner,we'll receive a cash back of Rs.99 with in 7 days,But still I didn't get my cashback,plz respond"
1295012.0,"To drain gas, oil, disassemble the unit, rebox it and have UPS pick it up"
2933523.0,"Bonjour, j'ai reçu mon colis dans cet état. Est-il possible de faire quelque chose ?"
1755942.0,UPS and FedEx having been doing well
256710.0,11th of last month - I sent another today as well
264680.0,I have already reply for your comment but no any action taken i need my refund very poor service
351905.0,I have been on the phone with your call center for over 1 hour. It’s a shame to have such incompetent people on your call center.
2976481.0,Thank you. I wasn't sure of the steps as I haven't returned anything from Amazon before.
2765015.0,tryin to access Amazon prime membership since yesterday shows error Everytime. And ain't getting satisfactory answer from customer care
2447407.0,"If I have to provide details here and at other places, what's the use of reporting things on Twitter in the 1st place"
2930675.0,Spam already checked..
783793.0,"Wow,really?I pay;product doesn't reach;you don't compensate,&amp; then you tell me to pay again?To repeat the cycle again? #badcustomerservice"
1668843.0,If ur delivery is so poor..accept it but dnt lie tat we couldn't reach u. Still waiting for my order to come. Pls Help
2599094.0,This was a US account.
887970.0,"Txt says order was delivered 10 min ago 2 mail room. I've been home all AM, don't have a mail room, and no package. What gives?"
282522.0,Till now I haven't received refund in bank account. #AmazonGreatIndianFestival #FakeAmazonOffers #FraudAmazon
674257.0,"It’s still in Tyneside this is a joke! £260 of goods stuck in a depot, 2 companies don’t care about the customer and it was posted Saturday 18th and by 48hr should have been there by yesterday at latest not still 100miles away at least!"
332007.0,hi...some thing are coming damage...so pls see that..
1104591.0,"nope, only 1 email address"
2843739.0,What does this mean? #PleaseHelp!
526513.0,"Ordered on March 23, 2016 Order# 116-4081823-9779459 already been through this exasperating exercise with cust service. other VOYAGE owners have expressed the exact same flaw. what about an even exchange for Oasis?"
1239296.0,"I placed a return of order#405-5827927-7849934 on 5th november, 2017. But it hasn't been picked up yet and no replies came from ur customer service unit. Please help"
191556.0,"DHL evidently put the wrong label on it, it got shipped to WI instead of IL. Estimated to arrive yesterday, now I'm not sure."
2922453.0,I would like to cancel my Amazon prime. How would I do this?
1777579.0,"I am at a 16% fail rate for Amazon orders, no one in customer service cares... Is this normal or is it time to start looking for alternate services for online shopping."
180894.0,I'm terribly FRUSTRATED for this situation. Kindly revert to the email sent to you by ME and connect with ME on this.
2162377.0,"Very sloppy and irresponsible handling of my order placed with you. Without actual delivery, status updated as delivered!!"
235671.0,"It does the trick, thanks"
2501897.0,"Hello, any reason why the Kindle Store is not loading on my kindle paperwhite? I click the recommended for you link and I just get a completely blank screen. I’ve tried restarting..."
1363793.0,I supplied what I knew. Thanks. We'll see what happens. Be a shame if all the trouble of preordering goes to waste and the delivery's late.
1576323.0,Every time when I want to talk to customer care then they disconnect my phone by saying you have not any order to deliver.
49947.0,It’s been 12 hrs still no response from your side
534164.0,I was arguing with you. And i got a mail saying my order is delivered yesterday noon but i havnt got that product. What the hell is this?
1034246.0,?
1046106.0,"Non riconosce il mio account come prime, quindi mi chiede di pagare l'invio…"
127955.0,Whats the status of my refund its been a day after raising the issue and all you say is wait . who will return my time and effort ?? you try to convince me which i wont accept without a proper solution
1086775.0,"Chose same day shipping, its been five days now. What gives"
2471625.0,"Have done just waiting for a response, thank you."
1469948.0,ok im good i got it fixed up thank you
852813.0,yes several times.
1917084.0,Fingers crossed! Thanks for the really simple and speedy site - even from Australia! I never knew hipped to Australia! Thanks for the $10 voucher
2459122.0,email received and I've read it. There is no solution 4 my problem. I just want my account unblocked. It is an error frm ur end.
2392621.0,承知いたしました。注意喚起ありがとうございます。
15686.0,Order no - 403-7559101-5645129 Return reference - 710398288491 Article name - puma shoes
30009.0,2 days later and still hasn't told me whether they do or do not have higher authority than the regular desk.
2460683.0,Hello there - concert is 24th November...
2408706.0,Pathetic delivery system ATS. You will be lucky if you receive your product on committed date. There delivery system always have an exception while delivering system. Fake promise
2287320.0,"It says ""Not yet shipped"""
1816300.0,"registro do Kindle para usar a conta 1, aí teria que redefinir o K./conta veiculada de novo para ter acesso aos novos livros comprados? 🤔"
1097817.0,Here is the Order no- 408-5640889-7771514. What is the Latest status of my delivery. Will you Guarantee that you will deliverd it tommorow?
206124.0,Give my money back! U crooks !
362994.0,Hey nehmt ihr Supernatural Staffel 12 in's Prime Angebot auf? 🙏
671771.0,"Yes. Between that chat feature and phone, I dealt with 4 representatives. Only the last one had any clue How to help. Really awful customer service."
132414.0,"Totally understandable except for the fact that the delivery address is the same postal area as the billing where the option is available, like down the road. If I were home I would deliver it myself..."
1570917.0,ohhh ok sorry for that
771350.0,so if i order the product...will it will cost same...and get it delivered in two working days
1416035.0,Recieved it. But really bad with the delivery in Jamshedpur. Do something about it.
2371362.0,pues simplemente abandono la conversacion dejando un paquete como en devolucion pero aun no especificabamos si era devolucion o reembolso
155111.0,help me.to get my amazon account pay balacne defreezed..its a request😖😖
1693663.0,what do I do if I never received a package?
1746091.0,call me 7400467834
863888.0,I’ve tried that twice already! What’s the next step for me to take on this matter? Supervisor or management? I have all the screenshots
740961.0,"confirmed to pick faulty fridge on 3rd Oct,12th Oct and last date return is 15Oct. all promise no action. am I mugged?"
2198802.0,"I've done that, already. What good is a phone call from you going to do me if you're powerless? Your agent already told me that all she can offer is hopes and good thoughts at this point. You guys need to rethink your AMZL, because clearly I'm not the only one frustrated here."
1421362.0,Which courier? Is it by any chance?
1320502.0,I use as well as amazon.de. On both I have the same problem
2399412.0,pre ordering and waiting one month for getting echo dot is way too long
80567.0,I don’t see it
1403989.0,Retrasado Le pedimos al transportista que nos devolviera este paquete. Te mantendremos al tanto tan pronto tengamos más información.
2417838.0,Hier der Sendestatus
290449.0,"Hey , waiting on a parcel being delivered to work. Leave for weekend in about an hour. Can you help give an update?"
2529757.0,it says expected 7th - 17th of October
1082252.0,You didn’t provide any solution for my installation. just copy pasted ur response for product review #shameonyou
99902.0,"Der nette Herr von eurem Support meinte, es soll nun morgen kommen. Er wollte mir noch einen Monat Prime als Entschuldigung geben, hat es aber wohl vergessen... :D Könnt ihr da noch was machen?"
415456.0,ご親切にありがとうございます。 きちんと申請をしておきます。
2786330.0,Y’all finessed me for some amazon prime
2386332.0,I get recorded calls from London. Thats doesn't help. Please try an understand my point if Ur a human and not a machine sending me replies
1393868.0,I had filled this form 4-5 days ago. It further shows the shoddy customer management systems and processes has.
470850.0,Only 1 item was ordered n email says issue with Purchase Limit on Item !! Customer Care says the same without much explanation.
713763.0,I have 2 addresses. Physical and P.O. Certain carriers only deliver to physical and vice versa. Anyway to find out before I buy?
76001.0,"The item says “Delivery Date Pending”, I guessed you are out of stock."
1259889.0,Order # 402-7447193-2893961 Let see what you can do!
856936.0,I pre-ordered 's The Lost Words. It's running very late. What's the 411 on when I can expect it in the US?
934408.0,No service at all then y u people r charging extra 4 prime membership? Any answer?
755082.0,Took enough time to take a deeper look? And foud what? That you are looser #Amazonloosers
1338766.0,Hi I have updated my kindle to 5.8.11 but I don't find a bold control in Aa. Is this normal?
2758961.0,what’s up with Amazon Logistics? Why are my orders going missing? Why are they consistently delayed?
1079380.0,I have already shared detail in your mail correspondence.
1892079.0,hey I got a question about my order?
841738.0,Muchas gracias! Ya me lo han entregado 😀
2937460.0,"No,es gratuito este teléfono de atención al cliente?"
284809.0,WORST SERVICE PLZ REPLY TO MY DM
2260846.0,Thank you. Its AMZL US
547964.0,"es war amazonlogistics und in berlin, marzahn"
1603774.0,"bjr, colis amz logistics no C10039388193 qui ne se livre pas depuis 2j, demain je pars en Argentine, je fais comment ?"
1741756.0,"Si vous êtes vraiment d'Amazon, vous n'avez pas besoin de mes identifiants pour accéder à mon compte interne. Cordialement"
673122.0,La mia domanda era un'altra. Grazie ugualmente per la risposta
1128063.0,After 30 mins on call still there is no result. Things did not work. What do u need?
1953400.0,Si
734671.0,"It wasn’t explained to me , 2-3 different reasons are being given to me."
771343.0,I hv ordrd one phn on oct 6 .nd they cancelled it on 12..nd when i cld them thy say it ws cancld by seller. poor service
1057364.0,:Pls resolve the matter as requested.I need d item which wasn't delivered at all and forcibly refund was done.
1761339.0,Shipped with AMZL US Tracking ID TBA530207742000 Not sure if this is the info you need- thx! I order A LOT 😀
1600994.0,I have a problem with a pre-order. Ive had to wait until release day today to be told it hasnt been dispatched.
1711439.0,U are Not helpful. Just asking to fill another form. waste of time. I wonder why people say #Amazon has great #customerservice. #AmazonEcho
2300025.0,I ordered a can of rockstar freeze and yet it seems to be running late with delivery here my order number 202-7922826-6204332
2317930.0,I cancelled Prime membership and have been expecting a credit to my account since. Please advise where I can follow up on the progress. It’s been past 5 working days already
1297475.0,I work on your Mturk platform &amp; use Amazon Payments to get paid. You stole $188.79 from me. When will U give it back? #amazon
1498526.0,whenever i want to call it will showing these thing
1567469.0,I do for that? Thanks for your time. 2/2
2454056.0,I work shifts that's why i subscribe to service delivery drivers admit they don't deliver after 5pm w ends what am I paying for??? Crap
1342574.0,It was on trac. C12340443345883 is my tracking ID
594538.0,So can’t even supply their own products!
2883289.0,I went to the postcode but there's nothing there - just wondered whether you were able to tell me which shop it's next to in Eldon Square please?
377037.0,"is promoting a jackpot, but I can't open &amp; enroll for it after app download. Help Required."
2679724.0,It’s about 45 minutes to an hour away from me. Carrier is AMZL US
2589136.0,On what numbethere isn't one
1625455.0,Hey -what do I do if I bought a DVD and it is too scratched to play?
397351.0,is three a better way to see where my packages could be????? I've already had 2 lost last week...really getting frustrated...
2124904.0,could u help me cancel an order?
1682757.0,Any ETA to fix this? Customer compensation for harrassing??
2434158.0,I already elaborated to your service dept and they didn't help. I wrote a feedback on Amazon which you deleted as being too critical
254570.0,"Doesn’t state, only says 3rd party and nothing else, can’t track item"
1553770.0,please call me 7223939372
417858.0,please refer to the first tweet in the series. First you don't deliver and then you ask same details multiple times
1095963.0,Et essaye de nouveau sur .fr pour voir...
981449.0,thanks. what do you mean by issued by SBI. how to check that ?this card is listed on SBI card website.please clarify
819491.0,Los amo
865673.0,Alexa working well shame the free trial you get isn’t the same as what you pay for I can’t download Music for my echo
17196.0,"I dont need to contact u now, it is as mistake take that i paid for Prime."
1322616.0,Me can how many purchase for get free prime membership
2897532.0,items at depot at 1:40 Monday morning but not loaded onto a van till 10:50 how can the driver get round when his not loaded till nearly mid day? 2/2
1480121.0,"No, had to track the package to find out it wasn't going to be delivered. Needed it for tonight and now have nothing!"
2230567.0,i can't login on the web browser but the app allows me to login i get a message saying i need to provet that it is me
2335201.0,hello please help me my package was suppose to be here by 8pm PST and i had gotten a notification saying “4:02 PMDelivery Delay” at around 2pm which doesnt make any sense
576496.0,"The first pic was the USPS status update. Very obviously unhelpful. You can see it went from being on a truck to being ""someday""."
1272783.0,"My wife ,place order fr me, but now she is totally frustrated frm ur service, u every time says only sorry.. go to hell...odr plce on 6 oct."
2612321.0,great customer service!! Seriously just spoke to the happiest person ever! 👏🏼👏🏼#loveyourjob
635725.0,😳
1058019.0,Yeah just checked now and I haven't received anything.
33234.0,"What happened? No solution, customer support not helping, email support not replying. Where shud I complain?"
843572.0,is there anyway of knowing when a parcel will be delivered? It was supposed to be Monday but it's coming today
1122840.0,I have done everything. You have to work now
699992.0,"Ok, I was really angry that my gifts were really late,I have to say customer service is 👍👍. Can't even be mad anymore. Love"
1366320.0,"It was supposed to be delivered by tomorrow. I was told yesterday to wait till today, and today I was told to wait till tomorrow"
384838.0,Order i.d. 4__credit_card__ I am waiting for this delivery.pls conform the status
292295.0,Is thr any fuckin way to contact your CCE guys.. coz I hv been trying 180030009009 since last 30 mins
239755.0,You people r seriously shameless.. the last msg here is from 30th sep !! You guys high or what?
1687367.0,my package was supposed to arrive yesterday and it didn’t sooooooo
987165.0,would there be an option to select accent in India? I prefer services be local but Alexa have an US accent
1570827.0,I am already talk to customer care about delay in delivery service from yesterday to till now they don’t have any updates about package
1265281.0,How can your customer care number is non functional and favour me with a valid number
1278108.0,No. I called the help desk and there was no resolution. I submitted for password change twice with no response yet.
1422003.0,. Nothing happens. ☹️ And I would prefer to use Alexa in English... Country ≠ Language
741544.0,even I spoke with delivery guy he said tat he tried to call number last 2 days but I got msg from Amazontat it out2day
2283866.0,I've phoned several time and still I'm no further forward.
1515298.0,Cmd prévue hier. Option de livraison dans la pièce. Livreur a refusé de monter le colis et est reparti avec. Doit être rappelé depuis hier
225563.0,I had already done that but still didn't got any type of communication with you people.
1710644.0,Very bad service and no commitment as said....
2356771.0,"o pedido está como aprovado, mas não foi feito o débito, fiz outras compras antes e depois desse sem problema"
294316.0,Do you really think we don't have other options. Who on this earth os this mad that after have such a shitty experience would evr use amazon
785136.0,Hi Media Kindly highlight this issue so that they did not play with other emotion
1511960.0,I still await some concrete action. Guess customer satisfaction is ur last priority.
1744122.0,"3rd when i offered help by visiting to ur depo for collecting order myself, only to find its wrong depo bcz full adress wasnt shared with me"
1911964.0,Ja ist versendet worden
436381.0,Its Out for delivery today.5th time.Its is delivery today or Again Update end of the day fakely order status???because still no response
763607.0,"my account info was changed without my consent and in order to contact your support I need to log in which I can't do, any help"
167867.0,Its refuneded however the whole way you've dealt with this situation making me wait around not nowing whats going on
1623908.0,In this case please close all my account and check who is registered with this account. How can you allow ppl to register with UK no
1097252.0,such beautifully worst and horrible services as compare to normal customer
2061576.0,Just recieved.. Thank you for your ummediate response!
1056826.0,We had already raised the same last evening. Wud suggest u to take the details frm there &amp; action appropriately
1109487.0,"if I ordered it today, it would get here tomorrow. But the game hasn't even shipped yet. What gives?!"
2555111.0,It was out of stock but it didn’t say that when I ordered.
1094262.0,"Much more, your tracking status showing ""delivery receipt was signed by Myself "" HOW? Pls contact imdtly"
329196.0,Your Moin is not reponding on mails which i had sent to him
232477.0,"Its 3rd day.And its still showing Product delivered. Haven't received yet. Called Customer care twice, No solution yet.Look into this matter"
2410528.0,change I choose the carrier before placing order?
1050255.0,Samsung HW-M360/ZA 2.1 Channel 200 Watt Wireless Audio Soundbar (2017 Model)
1046144.0,no email recieved and time has lapsed for another pick up order. It seems amazon has got arrogance of thier wealth.
1135889.0,"So,i waitd till d date as per your suggestin n got an email dats its canceled. Wow! Despite 4-5 emails to CC abt shipping issues, nthg hapnd"
609360.0,I have called u guys several times and requested then transfer the call to higher executives but they are so arrogant that they would not transfer nor take a complaint against the errant delivery boy
1694414.0,".FR __email__ is my user, please send me the valid pass on this email"
2511651.0,"I did, It was supposed to be Monday, then it was supposed to be Tuesday, then today, but nothing came. This is a replacement item for a faulty product! Requested a new one on the 6th! Also, first time ever that I get the customer service chat end a conversation in the middle!"
2644745.0,why so silent?Seriously fully fed up.To whom it is delivered?A ghost?because i didn’t recieved it
894618.0,say they can't? Wtf is that about? I emailed them BECAUSE THEY TOLD ME TO. Ffs.
297345.0,whats this... product reached in my city and I called twice to ur care still u r unable to deliver it.... Shame Amazon
907032.0,I preordered an Xbox One X when preorders went live. Any update on when the ship date will be updated? It launches in 3 weeks.
1503899.0,"and i can't pick it up? don't user lasership please use UPS, USPS, or amazon delivery"
939361.0,I’ll email will respond tomorrow about to work thank you.
350653.0,I have not been provided any correspondence on this. The product is at chakkan amazon warehouse if u can’t ship it further den send it back
2678085.0,Still having issues. Got the cover load but can’t move beyond that. Hopefully I receive a reply today. This is what I keep getting.
1277952.0,merci au service client de raccrocher au nez des gens c'est bien tous sa . Commande non reçu et pas remboursement ...
1586169.0,Merci infiniment de votre disponibilité !
701427.0,how long should it take to get a response to an email query sent from your help section? I've sent two requests in the past 3 days and heard nothing back. Nothing in spam folders either.
897509.0,"Cualquier artículo, pero solo en la aplicación móvil. ¿A qué se debe?"
803004.0,Hey it's October 12. What gives?
109909.0,So you're ignoring the fact that you've not refunded the delivery cost? 🤦
2725063.0,your fulfillment center inspected I️t and sold I️t. The customer damaged I️t. They get their money back and I️ got my money taken. How is that fair? this requires reimbursement.
2364621.0,"I’d be happy to, but the past two hours online have taken up my evening now. Maybe another time."
883005.0,"AmazonLogistic delivery ppl. Smack in front of the door, usually blockin door, always in the path, never stacked off to the side"
2514679.0,hi I returned an item over a month now and I’ve still not heard anything or been refunded.
180703.0,Lol exactly my point. It’s not in ‘s policy to allow a customer to criticise &amp; expresses his disappointment via a factual review.
2347784.0,Yes. Everything ive ordered lately has shipped AFTER the date given in the confirmation. The item I was supposed to receive today turned up out of stock suddenly
911527.0,"I replied on the same, I don't need your 100 rs gift card, I need Redmi 4a in my cart."
2720009.0,"Same address, same surname, different forename"
382317.0,I already left my number so someone from Amazon can call me but no answers no calls I also sent the email where the full refund is offered
499930.0,"Pone que el destinatario estaba ausente cuando he estado todo el dia en casa y aqui no ha llegado nadie, y normalmente cuando no dan contigo llaman al telefono"
2266825.0,Reported..... Let's see. Hope for quick delivery. Tell ur associate company to improve its service.
2851339.0,"Bonjour, Livraison prévue avant 20h, par . SMS reçu indiquant entre 15h et 16h. Toujours rien. 9a fait 2 commandes d'affilé avec un problème de livraison..."
914154.0,48 hrs passed but nothing happened such pathetic service 1 month passed #whenitwillbedone #unhappinessguaranteed
516661.0,Will do. But still not satisfied that an item that was guaranteed to be delivered on 12/1 was not delivered on 12/1. What does ’s guarantee mean?
2760904.0,Thanks. Will uninstall one. Appreciate it.
836876.0,I tried reaching your customer care but no one seems to even answer their call. Would request you to please intervene.
239181.0,the inability to get a straight answer from your support team dumbfounds me. Constant lies &amp; half truths #COMPLAINT #pissedoff
915924.0,"Time frame was 12 hrs and it's way past that. Hence, my disappointment."
2679463.0,"Yes, but they haven’t replied back"
832704.0,need ur intervention as our biggest festival is coming and need to buy the product..
1956084.0,The delivery guy says...it won’t be delivered today...hope u understand wat you are getting into...#saynotoamazon #customerservice #amazon
2758140.0,"Thanks for reply, pls find as required info 15-Nov-2017 Order # 403-4240161-7066737, agent called me on Friday when they rchd 2 my ofc but that time I was busy with our mgmt, I called bck to him after 30 min he said away from ur location, it will get delivered nxt day.Awaited"
2909147.0,Not even if I send you the code you cannot help me !!
2311186.0,Says delivered but this package is missing. Another one was delivered.
1490366.0,No because I was disconnected!! I didn't want to have to phone again. If I DM the order numbers can you help?
1544520.0,I haven't got any refund ...😈
1268338.0,sir I have won two gifts in recent app treasure hunt I got only one of them but I have got confirmation email of both.
1780021.0,you guys authorized fraudulent accounts and won't give me money back. Four unauthorized purchases
1501613.0,Tracking says USPS.
538496.0,"Hi, I’ve just received a letter in the post informing me that I’ve cancelled my prime subscription but I haven’t. Everything seems fine online though when I’ve logged into my account. Very confused."
686681.0,"Returns were always free and now it's just cost £8 to return two small items, seems a bit sudden increase in price with no warning:/"
21518.0,I've contacted my bank as you asked to do so in email but my bank said Amazon need to raise complain
448771.0,"Yep! ORDER #701-4290330-2322653: It was supposed to arrive today but its status is still at ""Preparing for Shipment"" ORDER #702-2863441-3801842: Says it's going to arrive today yet no updated Tracking Info since tuesday. I doubt it's going to be here today but hopefully it will!"
431628.0,So I need to cancel it? Wow!
2889294.0,"It's the Amazon carrier, not ups or usps"
812494.0,I need to read the book. Who can wait till you send a replacement?
250694.0,Wanted to circle back. Any further luck on this?
2170796.0,"Hello, it says ""in delivering"" but since the 10/11"
2379830.0,Never expected this from . Awful service. Something that I paid for and never received. Best part is even they dont know where the product is. #needhelp #CustomerService #Amazon
481604.0,"It varies. It’s about 50/50 sometimes it arrives on time and lately it hasn’t. The delivery date was supposed to be today but I checked the tracking and the last update was in Buffalo, NY a bit after midnight... not even close to me."
2609171.0,no point tracking the package - pack of lies - you cannot have attempted to deliver it - why give a link to a fraudulent website?
1721660.0,"Oui mais rien de convenable, je me désabonne merci"
2469362.0,"Hi my Alexa Skill was certified and published live twice in last week, but I still can’t find it in skill store of any region. Please help :("
1356486.0,Vendido y enviado por Amazon. Directamente con ustedes
1591125.0,例えばこの商品、どの出品者のものが関西への配送料込みで一番安価であるかすぐに分かりますか？一つずつカートに入れて最終決済画面まで進むことでようやく比較検討可能な最終価格が表示されますが、そんなことやってられませんよね。
1529921.0,The last tracker today says it will arrive between Saturday and Wednesday. If I needed it next week I wouldn’t have been using prime
976905.0,I have no idea my nan said that it hasn't told her on her account she just said it's for delivery today
2874079.0,"The packages have been marked as delivered, and states that the items were handed to me. They were certainly not, and they still have not been delivered"
400800.0,disappointed yet again with being prime member -delivery allegedly attempted when we were all in🤔 #useless #poorcustomerservice
2275913.0,予約注文したKindle本が発売しても注文履歴に「予約注文済み」と表示するのをやめてほしい
1310106.0,"Aktionsgutschein. „Der Aktionsgutschein wird automatisch bei Ihrer nächsten Bestellung eingelöst, für die der Gutschein anwendbar ist.“"
842076.0,El último aparece como entregado y no es verdad. Hace un rato ponía que habían intentado entregarlo y no habían podido. Ahora sale entregado
2306270.0,I clicked the back button and it then showed the quantity with the (newer?) drop-down style selector. Checked out fine. Chrome 61 on macOS.
1425663.0,2 orders were returned 3 weeks back but havent reached your FC. Refund is pending since 3 weeks. How do I share order details with you?
861223.0,All rabby send not good company Amazon
838621.0,Placed which is not only frustrating to a loyal customer as myself but hurtful to your business and name.
1096683.0,Yes the duration date is 20th October and today is 15th October as per that I am very much eligible
734068.0,"What is the update? Please tell me, does it take 55 days for processing the refund?"
2966509.0,"And for the 5th time in a row, I've called your customer service department and been told the packages will arrive tomorrow. Is the 5th time a charm?"
1022776.0,Any Update
1149649.0,Y de los 4 transportistas que mencionas cuál de los 4 tiene el status del paquete
132425.0,Trying to escalate a returns issue. A supervisor was supposed to email me yesterday morning but didn't.
179892.0,Where's my Battlefront II Beta code? (Amazon UK) Support is no luck I just want my code FFS.
181268.0,"Son 5 productos, 2 vendidos y entregados por Amazon (1 con MX), uno es vendedor externo y 2 no están disponibles, pero cuando realicé la compra el 17 de noviembre había disponibilidad de producto y no decía que solo había pocos."
2276759.0,Mi favorito es Drogo ! 🐲
115854.0,I just opened the email so I don't know 😭
2544980.0,I called and was told it should arrive by 9pm but still no luck 😭
1293707.0,"AMZL US, it’s happened multiple times when Amazon drops off. Possibly the same driver. So frustrating. Neighbors have a newborn baby."
1113160.0,Support personnel advised ordering new and applying my original return to the new order rather than issue price adjustment. Help
2565616.0,I ordered something and it still haven’t arrived what’s wrong?
2867122.0,The item is over 25. The kindle is $29.99 and it says that it qualifies for free shipping
1328554.0,Order date 23-Oct-2017 Order # 404-7037174-4705134
954144.0,My account was put on hold this afternoon asmftwr the girl yesterday failed to do it and more purchases got approved. I can't access that
224408.0,If I ordered one day shipping and it gets delayed farther than one day do I get the one day shipping fee back?
130336.0,Submitted with my query on your link. Please resolve my problem on priority.
1886043.0,Looks like the mobile version would not cancel my order. I loaded a desktop view and that worked just fine. I tried the mobile a few times
1768245.0,Est t'il possible de renvoyer dans ce cas ?
2885719.0,The drone was showing as available within a few days with dji as the supplier yet all you could tell me was that it wasn't in stock and you didn't know when it would be. Why pay for prime for that kind of service? I asked to escalate it last week and I haven't heard anything.
384740.0,Thanks for the reply. It's the same with season 2 also Ash Vs Evil Dead: The Complete First Season [Blu-ray]
631612.0,"When clicking this link, it asks me to click on Student Prime Membership link. This is what it takes me too..."
1652493.0,#supervaluedayquiz Still waiting for Oct'17 results..
675155.0,But that’s by use of a Sim Card inserted into the Fire Tablet yes? So I get a Tesco or EE SIM card perhaps and put it in the tablet?
1919779.0,The items are sitting in a cart on another website. I am waiting for Amazon to cancel them so I can order from a better company.
74834.0,Already dropped
378182.0,"my delivery date says pending, but before it said the 11th. Does this mean that you're unsure when I'll get my package?"
2733968.0,I’ve had a missed delivery already. Can I set my preference for all further orders to an address?
331988.0,My account id is:__email__
2946886.0,"no. there was no date as it is out of stock but no one notified me. if I didn't contact you, I would never have known. not cool."
2709899.0,I have done all this but it still does not seem to work
2913237.0,^SY nowhere in the link says anything about changing any of my Amazon Echos (2nd Gen) from standard time to military time....
191787.0,"""Mögliche Verzögerung bei der Auslieferung wegen Fehlleitung."" Scheinbar hat jetzt übernommen, da unfähig ist."
497303.0,I just want to know when will my order ship? Its a gift and its taking a long time to ship
2915770.0,hi. I spoke to Megha yesterday regarding an item that was ‘delivered to a resident’ but actually wasn’t as nobody was in. Was told I’d have an update today.. not heard anything.
2614050.0,"Borrado. Sí, y simplemente me ha dicho que conectara con ustedes para que se hiciera el reembolso, no me da explicaciones (?)."
529086.0,"Yes I pay for the expanded sub, I have 1000 or so songs uploaded"
1202778.0,he talked to AC but they are not providing the solution. they are just asking to refund the money but the question is the mistake id from Az
72228.0,今度は普通に届きました！ありがとうございます。
816120.0,"Assolutamente, tutte le volte"
2103397.0,6gb x 64 gb slate gray variant.
1426700.0,"I reset echo, removed all BT devices, and re-paired everything. Seems all good now. Thanks for responding, and I'll save the link"
197969.0,I hv. Was told to contact customer care. But they didn't help. Iniate refund asap
2604295.0,Grazie mille. Amazon 4 ever
607299.0,I have already been in contact with a few of your helpline guys. Disappointed at what I had to hear about my return package! I am boycotting Amazon. #Disappointed
2706736.0,"I have two GCs but they’re not working. I only just got them, not due to expire until 31.12.2027. . I’ve been typing and scanning them for ages now and keeps saying invalid!! 😢"
2322144.0,Still waiting for the update
1179705.0,Here we go again.My package delivered to someone else. Happens approx. every other time I order which is a lot! They don’t care. I complain and it happens over &amp; over again!!!
980216.0,How many times i need to followup with ur executive...
425189.0,"Noida, UP and the customer service person doesn't even know that on which address they have sent the cheque."
2317013.0,"Order# 408-9829894-5445923, made on 23rd Sep, cancelled but no refund yet...this is how amazon works, pathetic"
1497313.0,Si vous regardiez mon tweet épinglé vous ne devriez avoir aucun mal à savoir de quel compte il s'agit...
295822.0,Don’t think they can do much! It’s an electrical item. One came in no working condition and the other just stopped working randomly.
279208.0,"I got the parcel tht was meant to be delivered last Saturday before 1pm, yesterday. Just really annoyed it didnt get to my door when i paid"
136187.0,"I'm also having this issue, Next day delivery but I have to wait until Monday????"
436898.0,"Bien, aquí nadie ha concertado nada. Quiero poner una reclamación contra esta gente. ¿Cómo debo proceder?"
1830742.0,its about 6pm..till 8pm it is to be delivered.else prime membership is a waste. already being a day late
1081770.0,Problem is STILL unresolved.
105227.0,"I'm afraid too, because as referred earlier I won't be here .... For a month, would be returning to Ranchi around in January"
1404775.0,"They are both pending, and this happened last time with my Kindle subscription, the money went back on my account, but it is frustrating 1/"
1555013.0,"I asked for cancelation, how would that work?, ir how may í contact the carrier ?"
2825544.0,Commande ok mais j'avais demandé des emballages cadeaux mais rien. Produits dans la boite d'origine...Pas super ça :s
307926.0,I was pleasantly surprised how well I was treated by when I contacted them for help with an order. Very helpful and friendly!
431251.0,"This is the first time I’m receiving product like this, I understand this is not the mistake by you or your team. But you should teach lesson to the guy who packed this item. To track the order information I added order details."
1298489.0,contact page on amazon goes to login and the issue is login. Illogical much?
1437435.0,I have filled the details a 1000 times already. I don’t want 2 waste my time if you are going to refer me to the buyer guarantee team again!
341569.0,デビットカードの場合はクレジットカードより遅くなりますか？
833170.0,"Hab ich getan. Ich muss zugeben, hätte ich den link gleich gefunden, hätte ich mir die tweets gespart"
177354.0,Although I purchased Sinbad on Amazon and there’s no option to download but that’s another issue
1180553.0,Hola si ya cuentas con Amazon Prime. ¿Prime Video está pagado o es un servicio aparte?
1497907.0,..available dates and I have still not received a response. Will I be contacted with a scheduled time slot or will they call at any time?
1528695.0,Kindly Initiate my refund ( Order# 404-5601798-1873905) and unblock my number 7376508317.
2881835.0,Fast delivery at the cost of damaged goods is not complete service. Will be returning the product via app
2289813.0,"When you guys are asked to deliver at a particular address, aren't you supposed to do the same even after charging for same...🤔 Or you keep asking customers to go around the city to pick up the package?"
2766377.0,"It never was given, not that I remember. I pre-ordered them, so I expected them to arrive closer to the release dates. But now it's been weeks since their release and still no dispatch."
78748.0,All I hear is that I should get it my dec 5th but this is a Xmas gift that I am shipping out of country it needs to be mailed by dec 1st
1138335.0,... How would I go about getting in touch? No India call centers please. I want actual help.
2621050.0,"J,ai eu le meme soucis le moi dernier pour un autre colis et votre service m'a dit de simplement l'ecrire sur l'evaluation de l'emballage. C'est different cette fois ?"
2212047.0,"I am seriously thinking about going to consumer forum court now. It has been a great mental harassment for me to pursue the matter with you for 22 days without any outcome. You only give false assurances on email, but never act."
63134.0,Haven't got one yet!!
571751.0,"No, they're all shipped and sold by Amazon Canada, hence my frustration. I don't expect 2-day shipping with third party sellers. They have nothing to do with the Prime/shipping agreement, so that would be understandable. It doesn't apply in this case."
502471.0,"Hi, my order was due on 27ths and been at a depot in Bedfordshire since the 23rd. When will I receive it?"
1133052.0,This is the reply! #joke. I kept asking you guys to pick it up in 2016. How is it my fault?
427340.0,What email address can I contact you on? We are not getting any where on here
1899705.0,Yes you missed the estimated date. Tracking details are also showing irrevelant information.
359244.0,Then what could going to happen..
1537475.0,"I do use the chat...I'm just tired of the same thing, you add a month to my subscription and the next order the same thing happens..no thx"
324390.0,I've got It!!
1681822.0,When will you upload movie guru
2682247.0,"lol, you may want to fix this book title. :-)"
1732583.0,"No, have not ordered anything for quite a while so am perplexed why I can't get in, just having problem connecting to your site."
2414448.0,Oláas eu perco os livros comprados??
1867018.0,Why are you giving false commitment...for such occasions like diwali..really I am frustrated ..that I have failed to give someone this gift
2902600.0,okay obrigada
18382.0,So this order 407-7402036-7182732 Placed on 30th and supposed to reach me on 2nd November Now is this as per amazon prime delivery std ??
2922459.0,Yes. You’ve missed the delivery date. You’ve missed the delivery date THREE TIMES.
179519.0,See.. first of all I don't even care for al such privacy..you have given me chance to post my details on a public page..
2602247.0,"I repeat I am not satisfied, please call me"
670416.0,I called the help line out of panic and discovered that they too couldn't get in to my account. They shut down the account and removed my payment option so everything is safe now :)
1271149.0,Just received a mail yesterday saying we'll help u. But still no one came to collect the product. I was hoping it'll be gone before Diwali.
1374065.0,comprei meu kindle ha pouquíssimo tempo e a bateria dele não dura nem três semanas (SEM USAR). Isso é normal?
499903.0,It’s arrived!!! Exactly 21:00 :) thanks for the updates. Shame I had to take a day off work to wait for it come in when in actual fact I didn’t need to but at least it’s here :) thanks for your help
1191344.0,I book while booking said delivery next day on Thrusday by 8.00 pm now delivery is on Friday why book
91362.0,"Toujours rien, normal?"
2721679.0,"Warum muss ich als Prime-Mitglied bei Verkauf&amp;Versand durch Amazon für Verpackung und Versand € 3,60 zahlen wenn ich eine Ware um rund € 350.— kaufe??? #WTF"
1491865.0,Been waiting for a one day delivery for 5 days now and ur customer services are useless :/ what's going on?
2132867.0,"I have no issues with deliveries from UPS, FedEx, etc. but your same-day delivery hired guns are completely inadequate. If you're delivering to an apartment, you need to ensure delivery before 5pm so they can enter through leasing offices, etc. Ridiculous."
2889201.0,J’ai tout expliqué sous mon premier tweet ! :)
746774.0,"Bonjour , Impossible de me connecter à mon compte depuis aujourd'hui. J'ai changé de mot de passe plusieurs fois mais rien"
1261804.0,Bonjour. Le mercredi 25 octobre. C'était hier.🙄
571665.0,"According to your site, and text messages I received so far: UPS. Shocker, I know."
782512.0,"thank you but I know that, now it's 3rd time you failed from fixed time, 10am to 1pm gone, recd call - no big van/car available till 4.30pm"
2288975.0,"plz resolve this issue asap ..still did nt received my item,it’s gettin wrst nw. Plz help or this wld be my last purchase frm u."
521680.0,Yes you've missed it. Guaranteed delivery was November 30th. #AmazonPrime #Amazon #CustomerService
2664971.0,sin rastro. De nuevo dicen que se ha perdido...
665449.0,And failed miserably Amazon. Now I just need it dispatching and to be delivered at some point. Been dispatching for 12 hours...
1421221.0,The mail that i have received is on my amazon account and i can't see any option of reply over there. There is no mail in my maid id
1620673.0,Any updates for me if possible ?
1250337.0,ありがとうございます！ 対応していただきました！
285049.0,I think earliest have diff meanings in ur and my dictionary. Its been more than 12 hours no contact yet. sucks!!
269798.0,Why does Amazon Video app on Xbox and on TV prominently feature NFL games icon if they can't be played on those browserless devices?
1873875.0,Just unlock/unfreeze my account! That's all I am asking.
2893096.0,No not handed over to me....handed to the first driver...and then nothing...check the picture at the start of this thread...it’s still saying that..
2823179.0,Ahah quand on est fan on trouve toujours de la place pour nos collections ^^
115885.0,"I expect some significant compensation for the distress and time i'm wasting on this. Your couriers are commiting crimes and you're customer services are making excuses for them, this is not acceptable..."
2126762.0,Apparently its been delivered to the post office but when went there its not there???
2269155.0,"Desde Lo necesito, de verdad!!!! No puedo vivir sin el...."
1682747.0,Help or close Amazon. This is redundant issue. Do you have logistics or dummies doing random thing. last 45 days Amazon cancelling my orders without delivery attempt.
1123298.0,I got missing usb cable so I initiated return request but it is resedule since last 3 days
2260659.0,Ordered an Uber gift card over three hours ago needed it now was suppose to be emailed within 5 mins of ordering never came. And your customer service rep was no help besides saying our system is down.
128001.0,November 3 then Nov 14 then Nov 17 then Nov 20 then Nov 24 then +1+1+1day... #digitalmafia in #DigitalIndia
740932.0,got dis defective addidas shoe #worst quality
361392.0,"Only invitation available , add to cart is not visible, no error message , without add to cart or buy option I can not execute order"
1035954.0,ご丁寧にありがとうございますm(__)m
842116.0,En cuanto han llegado! Jaja
332774.0,hey Amazon is this an official email from you guys?
65788.0,"still no update, how much time will take?"
2373321.0,So 12 am New York time?
254618.0,J’ai passé ma commande hier 🙄
2663046.0,I ordered two items on October 25 and my order still hasn’t shipped. Even though it was supposed to ship Oct. 30th. HELP?
798782.0,I can direct message my email id or order number.The product was guaranteed by Amazon to be delivered today.It wasn't &amp; I'd like to know why
2683529.0,"Nein, es geht um ein normal via Amazon gekauftes Kindle-Buch. Nein, ich habe das Buch auf keinem anderen Gerät runtergeladen – ich nutze die Kindle-App nur auf dem iPhone."
1019598.0,Yes I live in an apartment but there is no office/reception area.
234745.0,No nothing yet
607031.0,- can one of you assist me with the BETA issue for star wars!! your all blaming each other
318851.0,No. But is that where I submit bug reports?
258795.0,I sincerely request you to post my review. I do NOT want any of the innocent customers to get trapped in the unethical selling practices.
1594651.0,Why is it taking 5 days to sort this out? I am tired of giving updates to know avail. This is a waste of my time.
297403.0,"I'm so annoyed. No price matching?? So I have to refuse delivery and order again? This is ridiculous, how about an exception?"
411093.0,oi! o dicionário pt-br sumiu do meu kindle (tenho só os outros na pasta de arquivos). tenho como acessá-lo gratuitamente?
2384584.0,already shared pics &amp; ordered for replcmnt/refund but your investigation team refuse to considered it defective &amp; refused to do anything
2677381.0,La historia de Genji. Es el Quijote japonés :)
2937476.0,I said I needed the items in Portage tomorrow (especially the dress). If he needed to overnight a new order to our home I would be fine with that. He put me on hold for 10 minutes. I hung up.
2522274.0,"Ok, muchas gracias."
996739.0,Amir in your chat customer service department is useless and made my problem worse.
1007770.0,"A package supposedly already in transit is magically delayed for 4 days. When I ask why, unprompted the agent cancels the order and refunds."
2755675.0,Any Black Friday deals in India?
1774518.0,Chuck... I'll buy another phone.. better luck next time (when u'll give another partner)😒😒👍
937321.0,deleted the order and personal information details.
1570802.0,Seller is not replying. Amazon Customer care is not available. My order ofcourse is no where.
1097840.0,ご丁寧に教えていただき、ありがとうございます！！祖母には請求書届かないんですね。それなら安心しました。これからもamazon使わせていただきます。
1176287.0,あ、はい、了解しました。
871152.0,Right but on the phone yesterday and during the online chat today I was tokdbit would arrive today. Everyday you kept pushing it further out
133608.0,Do u really use loose packing or ur standard is going down?
838574.0,Amazon as it’s next day delivery. And no normally someone in.
138226.0,Thx for reply. I eventually found a help number hidden away on your website and have now dealt with the issue. It wasted half an hour of my time to deal with this.
1425364.0,I either missed it or fail @ searching. Is the blue/orange Ted Baker watch on this page still available?
1764519.0,Merci 😉 👍
232829.0,"Thanks, I tried that and had a chat with a representative."
1533655.0,Account linked With __email__ email. 2 plus 5 and RedMi note 4.
2301081.0,"Ahh thanks! We'd got accounts in a muddle, seems to be sorted now"
2760918.0,I have 2 order in my account And only 1 order was charged . I want to know what it takes to complete the 2 order?
742452.0,Serio que não aceitam HiperCard?
511635.0,Worst customer experience ever! Been told every day for last 4 days that my parcel will arrive tomorrow but nothing! Where is the customer obsession?
2532837.0,I have and no one has got back to me that's what I am telling you??!!???
836161.0,- I have raised return request on ORDER # 403-5632031-5850769. How to check the status ? And how to contact Amazon?
349432.0,Already reverted to the plethora of automated emails received from your end. The harassment continues even after 20+ days
1012908.0,Excellent même ! Merci et bon weekend également 😘
1519202.0,"Meu livro chegooooooou! obrigado de novo MELHOR DO MUNDO! tchau, final de semana &lt;3"
2184677.0,S/o to ! Top notch customer service!
1396166.0,trying to order on UK site going to basket but no option to checkout? only option is to continue shopping what gives? on mobile site #confused
973575.0,when your working day will start and you will arrange for the return.
779867.0,"Yes. Got this reply: Your message has been sent. We will contact you within 12 business hours, 7 days a week 10:00 to 19:00 IST. Wait more?"
2033022.0,why does my prime 'one day delivery' say it's estimated for Wednesday? That's 3 days by my counting
1498502.0,"Bjr il faudrait MàJ ce lien (Amazon Prime au lieu de Premium, le tarif qui est passé à 3,99...)"
378473.0,There are n no of emails which has been sent to seller but I dont see any reply in past 1 month. So there is no use of sending email
1271558.0,i'm unable to add another account to my amazon fire even though im putting in the correct password everytime.
250678.0,Reklamieren möchte ich aber nicht. Ich möchte einfach nur den Artikel den ich bestellt habe. Dafür nutze ich die Amazon Prime Dienstleistung
219166.0,", AMZL is awful. No tracking updates in 24 hours, but my package is still showing delivery ""Today by 8pm"" (it's 20:30 right now)."
2669263.0,"Yes it's the same courier, item just now been delivered by a different lady our neighbour witnessed her running down the drive placing item behind the bin and not even trying the door, we have been in all day waiting as it was supposed to been delivered yesterday."
2477512.0,I got another mail showing the inability of your team resolving my issue. I hope just to showcase to all you will not update something wrong here.
126127.0,What details u talkin about.
651507.0,You'll have just changed the delivery date! What is this nonsense
1738595.0,"Yet another 2-Day Guaranteed Prime Shipment #LateAgain. ""Why"" am I paying for Prime? #falseadvertising"
2580507.0,How long will the refund take? I need the money!
1872070.0,already done this
1668295.0,Still nothing happening with my #XboxOneX preorder at .
565799.0,VERY frustrated. My delivery scheduled at purchase for 9-12 tomorrow was just moved to 3-6. Not home then. Purchase made 7 days ago &amp; JUST now getting notice that delivery time moved? Unacceptable. Order# 111-4099465-6516251 Tracking ID XPO000061360
2266898.0,Yes I have got the mail as well the refund initiate message... But my question is When I had ordered u have approved that and now cancelled... Why that.. Who r u to cancel...
867388.0,"gente, na foto não tá muito claro mas a tela do meu Kindle tá com uns defeitinhos ): que que eu posso fazer?"
1339576.0,Ordered item at the start of Sept.Told I would get it mid Oct.Still not arrived. Contacted seller 4 times. No joy in the one reply.
63874.0,But no-one can give me a revised delivery date.... that is all I wanted to know!
918250.0,I am fine with personal information.I need public to know consumer harassment which your team does not care of!!
1143413.0,Should I be more upset with or . Seems like more Amazon ships prime orders with the USPS the longer they take to get
183440.0,It won't allow me to select email
1661478.0,"Seller account is constantly going back to the ""Enable Two-Step Verification"" screen even after a code has been sent and entered"
2950855.0,Already talked but response was not helpful. Disappointed with attitude of not taking care of customers
2299627.0,"They advised that they’d call back tomorrow, but couldn’t explain why it had been marked as delivered. Wouldn’t usually be fussed... 1/2"
836850.0,my large still hasn’t been delivered after being promised it last night 3 days overdue now
1541018.0,All this stuff. I already contacted the seller with the top option though and they didn't respond
124093.0,"Duna, Solaris, Fabrica de Vespas e Cama de Gato!"
2877699.0,I am from #Pakistan and wants to order from #Amazon. Can you tell me is amazon shipping Orders to Pakistan?
984694.0,From 11 days I am writing on this issue ... No soln provided.....
2415986.0,I've already shared my order id. Already waited more than 36 hours. DELIVER IT TODAY OR CANCEL IT!
570796.0,I’ve been denied access to my seller account and I can’t contact seller support because I don’t have access.
1721000.0,1/2 yes i have reported this to the support team.as a regular amazon customer i'm deeply disappointed.had bought things in time for a
69866.0,Amezon people have made uploading of product so difficult that one problem is solvef....then another problem ready
16801.0,Is there a human working there or robots cant u see i have replied twice guyzzz pls call on 8424869098 #poorcustomerservice #fraud #complain
2843682.0,Wie gesagt würde ich das ja gerne aber wie wenn der Livechat nicht funktioniert? Anrufen will ich nicht. Kann ihnen auch gerne alles per dm schicken aber ohne Livechat könnt ihr auch per Link nichts tun.
1723393.0,"But, the above URL takes me to Amazon India website &amp; not the"
2584149.0,No estoy recibiendo la respuesta.
588785.0,if a order is cancelled from a wishlist does it go back onto the wishlist?
2318606.0,My parcel is still out for delivery in the wrong place. I’m willing to bet it won’t arrive again
254669.0,"Sí, es gestionado por Amazon"
2552215.0,"I need help with alexa skill? is any one here can help me with, because amazon developer support did't replaying to my email at all!!!!!!!! So bad customer service I will say!!!!!!!!!!!! #badcustomerservice"
180486.0,Mue pagamento de JULHO no associados simplesmente não caiu. Mandei email dia 02 e recebi uma resposta como se eu fosse burra e não soubesse
2515826.0,There's no coupon or voucher available for fitness department☹️😭
369260.0,That's exactly what she did. Bought it from Amazon / posted the review. But not thru your email to her. She posted via website.
2170803.0,"Mein Amazon Fire TV Stick ist mit meinem Konto verbunden und die Ländereinstellungen sollten auch passen. Trotzdem werden mir die englischen Inhalte angezeigt, die ich leider nicht abspielen kann. Fehlercode: 5505 Was kann ich tun?"
145673.0,Re order 408-7261960-8669144 I hope respktd has 1 consistent set of socio-legal ethics worldwide
2171078.0,The Carrier is Amazon Shipping. I am also being told on the website expected delivery is now the 18th-22nd? So i might not receive the actual Game until Thursday...
257156.0,"Hi, you sent me the wrong item and I'd like the correct item, but your returns system has no option except to ask to return it."
1459796.0,Even though I’ve received a confirmation email. Always tell me it will never happen again and it does. Helpline is useless
388419.0,Return pickup was scheduled for 8th Oct by with tracking ID 69956957825 but still not picked up.
319157.0,Thanks. It's 'almost' resolved.
1119136.0,Rather then resolving and help me... Amazon is asking me to wait....
716049.0,"That's great, but I don't like being lied to, and your company shouldn't tolerate it from a vendor. So figure it out."
689236.0,Received damaged re-stitched shoe from . As a prime member product also received lately. Not in priority. Waste of money and time
2922497.0,No email. Carrier forthis one is USPS
1254566.0,"Bonjour, « livraison en retard ». Motif : absence (alors que j’étais présent...) Du coup j’ai donné des nouvelles instructions mercredi soir"
726961.0,"Still waiting for invite to buy Echo,Could you please share the invite,Eagerly waiting for the echo#Invite"
975067.0,hw mny times i need to do this?? i hv done it ystdy. pls chk befr syng anythg...
419880.0,Have not received any response till now from your busy team...
627805.0,I've had prime several years and think it's disgusting to treat long standing customers in such a manner. Preferences were not relevant. The fact is my orders are not being received within 1 day as specified. Prime does not deliver the service promised. False advertising.
536578.0,To encantada 😍😍😍😍😍❤❤❤❤❤❤
2898873.0,Wouldn't* be delivered
2683543.0,Another next day delivery not delivered next day
1576258.0,There is no concern I already renewed. Just noticed the new price on a TV ad today. Thanks for the response though.
1509304.0,Sounds encouraging. Will look forward to it.
814258.0,I have shared my concern at Customercare
11982.0,what the hell is going on?! Today's last day to deliver and still not shipped!! Should I pledge that I won't ever order from u?!
2928410.0,"Its done, plz listen the call &amp; Charan doesn't deserve in customer servicing, such miscnonduct &amp; unethetical version is not acceptable at all from any of the Chap."
2530704.0,"Hola dicen q han pasado por mi casa a las 9:47 y estaba aqui, y no han llamado ni nada... que hago para reclamar o ver donde puedo recoger mi paquete? Me urge!"
1379562.0,Dear I get only one mail again and again
304370.0,I just want to know if the package is out for delivery this morning. I need it by 3pm and it doesn't say what carrier it is
2205630.0,"Tentativo di phishing via email ai danni di alcuni vostri clienti, link porta alla pagina in screenshot precedente"
38815.0,contact me 9897327895
1324509.0,Arrived at carrier facility at 11pm last night.
13159.0,I am now cancelling this order because your delivery service just sucks despite prime membership. Switching to for future.
1229696.0,This is my 4th time ordering a package and YOUR carriers have messed up my delivery.
2205624.0,I'm assuming this is a scam email?
2850615.0,"Thankyou, will give it a bit more time."
183519.0,Fix this the price of laptop
913797.0,I ordered 16th birthday present for sister on prime. It didnt arrive in time and now shr has nothing
174575.0,"I have tried to email your colleagues, but both &amp; are saying the other is responsible. My UK account clearly says I don't have Prime &amp; the charge on my bank statement says 'Membership US' with a USD exchange rate next to it. Please help!"
216056.0,"In English it may be called something different. In French, it’s “gérer vos abonnements”."
1990285.0,You people showing wrong information that courier unable to contact us though I am informing your customer care that delivery guy phone if
223920.0,Your site's Contact Us options are bad. It won't accept my order number to report an Order Related complaint #CustomerExperience
627821.0,"Waited, waited and waited, still no clue, where is my #OnePlus5t? Supposed to reach the address by 8pm...😅😅😅"
1531210.0,can u delvr a product on or bfr 12 nov as dat product is not eligible for prime. I want to gift it 2 my father on his b'dae.
418990.0,We too tried to be in touch with customer care but instead of helping out they said they don't have any responsibility regarding this...
1134995.0,Kindle Paperwhite 7thG white and iPhone 6s. All running the latest software.
180590.0,Yes I am
728126.0,"6 months have gone by, still Bosch S03 is not available. Haha, this is why people turn towards piracy 👿"
379321.0,It's appeared now. Thanks for the help
3740.0,"na ultima atualização da entrega do meu pedido, consta que não foi possível localizar o meu endereço, poderia ajudar?"
2461278.0,AMZL US
2452840.0,I ordered 2 nos of interior light for car they gave dead line for 17 Oct . Till now they did not deliver my product and it was a prepaid
2281999.0,"Nunca me había pasado algo así, pero es bastante frustrante por todo el tiempo que estoy perdiendo, la falta de información y la incertidumbre de si finalmente me llegará ni cuando."
1680140.0,"It is the same color, style, and shoe sold by Amazon but through 3 reps now, no one will let me exchange it."
1560600.0,届いてましたー！！忘れていたそうで、、お騒がせしました…。ありがとうございました。
1308030.0,my package still is not delivered and its 8:22pm and it says out for delivery whats going on?
2254523.0,Your Customer Service employees are NOT any better.
2985502.0,i have no idea if my return made it back
728521.0,Won't be keeping after that and certainly avoiding from now on. #Rethink my shopping habits
866012.0,Amazon team without even understanding the issue are replying me back Please know the facts first All ur executives slammed ph on my face.
1676636.0,Can I get an update ? #AmazonGreatIndianFestival
387559.0,my order number is #402-0721166-3566724
2534511.0,Yes. It persists. They work on my phone.
781212.0,they are of no use
990006.0,"thanks for the help guys, I have got the package it was left with my neighbor and when I got back from work they gave it to me, I did not have their number so I couldn't make it that courier might leave it with them..."
398769.0,can you plz confirm when can I expect the resolution?
2508065.0,"Thank you for replying back, it was shipped from you guys, it says Sold by: LLC on my receipt"
2094069.0,"No encuentro forma de contacto, pone que el transportista es de Amazon Logistics."
38141.0,"Bloqué a ""en cours de livraison"" à la date de hier !!"
1373690.0,Just want to make sure it’s still coming tonight
321147.0,And also want to know the real reason behind this delay.
569211.0,your customer care is literally the worst!!!
957542.0,Do ask team to go through all calls if possible and listen how Agents fool customers by fake personal/emotional touch and keep lingering TAT
2236371.0,But it hasn't been dispatched yet?
1217529.0,"I don't think this order is gonna make it in time, Amazon. Really hope it arrives today. I've got guests coming."
1054769.0,"Should it take this long though, the book was released on the 19th."
492116.0,Bonjour j’ai fait une commande en juillet 2017… et toujours pas reçue c’est en transit quelque part… Vous m’expliquez?
1627637.0,"I am attempting to place an order and in the checkout I see ""fresh discount"" but I'm not placing a fresh order. What is it for?"
456510.0,"Hey If a huuuuuuge distributor of rather who is an authorized dealer on sends me fake, used goods should I ruin their entire racket or would y’all like to facilitate? how should we do this"
1688829.0,This was cash back
2301369.0,Just following up. Resolution beyond and better than what was expected. Kudos!
334089.0,its the last day of sale but issue of brand &amp; size still there..average size like M/L must b there for major brands in better collections..
283052.0,Order #406-5192140-6921118 arriving late need to escalate this on urgent basis SOS. #Highpriority #Prime
504942.0,I did. I just want my son's bear which is really hard to find.
382713.0,Just tried it but still the same result :/ I'm able to edit/delete stuff in my wishlists but not add things to them
738477.0,Oui merci à vous. Mais changez par pitié....
1666601.0,"Voilà, c’est fait."
1600148.0,M not interested in email replies. Do let me know the date when product will be delivered.else cancel the order n refund the money.
838598.0,Mittlerweile steht da Zustellung morgen.
384156.0,The box is a bit battered but the card its self appears fine
1438601.0,My children have. They are also kicked to see that she knew #HarryPotter spells!
2616311.0,Merci mais j'aurai bien aimé pouvoir le faire mais pour ça il faut sélectionner une commande. Etant donné que ma commande n’apparaît pas dans les commandes passées je ne peux rien faire malheureusement
558456.0,"So I pre-ordered the FTL double-LP back in October, then they sent me a notice for a response because of a delay on their end— I respond, and then NEVER heard back for delivery. Checked and it’s out of stock. What do?"
1168515.0,"hi there, I can't seem to register an Amazon seller account... every time I enter my password it just knocks me back to login"
2822361.0,"Should have arrived Friday, then told Saturday, then told yesterday ... if it doesn’t arrive today I will cancel the order."
779262.0,I know but I would like to share with everyone that how pathetic amazons service are
1270204.0,"yeah i understand that, but i'm only seeing the -£30 reduction from my gift card and -£2 for the pre-order, not the additional £6"
2488905.0,"""First delivery attempt"". Nope. No attempt. There was a drive-by. ""An attempt was made to deliver your package"". Nope. I was waiting in for it, had been for hours. Tracked on the map. No attempt was made. Thanks"
421514.0,"Silly its a used product, that I have received.. Thats why the OLX part..duhh!! replace it asap"
99994.0,my Prime account isn’t global ? ):
802999.0,i cannot do this refund through the seller because the seller is no longer on the site and unreachable. How do I file a claim through you/
1476403.0,foi sim s2s2
235113.0,"I already filled your form twice, not getting any help, feeling helpless."
1255409.0,Ainda não mas mal posso esperar! Parabéns pelo serviço show ♥️
367453.0,"Sure, I think the source to this is check onto internet about them, I think the source to that mail is Amulyam."
2171343.0,I preordered Battlefront 2 for PS4 but I haven't been given the preorder bonuses yet?????
450826.0,The level of hate I have for grows with each incorrect delivery. Learn to read a map. 😡
2141375.0,still dont find my answer. i have drive (now) and have prime photos from now on. but the drive pictures are in photo. strange search way i need to redo all. but is there no other way?
612756.0,I didn't return anything as I didn't receive it! It said it was damaged on the way so it was returned.but I only got refund of one of the items. so where's the other one?
300039.0,Size 3 is not a size even in the chart. It's for small children! I want size number 7
2136234.0,I am sure the other day I signed up for a free £10 voucher on my fire stick but how do I know if it is still valid?!
1498514.0,Yes :(
2697207.0,"thank you so much for your wonderful customer service just now. Above and beyond, most unexpected and compassionate. My granddaughter has special needs so your actions mean a lot 😎😎😎"
2968281.0,"No, I received a response telling me about spam emails, only they aren't spam emails I am receiving, i responded again asking that the account was closed &amp; haven't heard anything since."
2230624.0,I’ll try it but I usually lose out
2254591.0,"eh il mio problema era che le cose che mi servivano, anche se spedite da amazon, erano quasi tutte vendute da terze parti! grazie comunque per la tempestività"
580575.0,"How many times do I have to give you details, yesterday also i gave again you guys are asking. Just don't fool your customers like this"
191935.0,OH I HAVE TRIED THAT! THERE IS NOTHING I CAN DO! YOU HAVE CHANGED SOMETHING!
747697.0,Le transporteur était La Poste je viens d’aller vérifier.
1360004.0,Never knew amazon would be so poor at math 😂😂get this rectified before competitors laugh at ur mistakes
748716.0,If this is your prime delivery I won’t recommend prime services to anyone
2549478.0,There is nothing to hide. People should know how amazon is cheating with them. What the fun of having the Prime membership!
243186.0,"all you did was close my new account with $35 in it, I received the email this morning and I was beyond furious because this is ridiculous."
1181453.0,You really need to explain to me what house u sent my package to cause its not mine
2129437.0,"(1) No it does not, I also would like to know who the WH Deals shipped my order from cause I received a completed damaged item and would"
1043631.0,That’s not on!! Sort it out for her don’t leave it 48 hours
344618.0,I don't know how to do the phone option
1026196.0,Can Amazon Echo’s be networked with Echo Dots?
573560.0,"Yet another order just missed the ""guaranteed"" delivery date due to USPS. Maybe show me when I check out that you'll be using USPS so I can buy it elsewhere and actually get my package on time."
1006541.0,👌🏿👌🏿👌🏿 il était là
1244379.0,what happens if I'm a prime member and don't receive my package on time
544385.0,Entonces lo que pone en la pagina del producto de que que si lo compras ahora lo recibes el dia 4 de diciembre es mentira? Si yo lo compre el día 15 de noviembre... porque no me lo entregais el día 4 de diciembre? No lo entiendo...
2249765.0,"Vermutlich;) vorerst nicht, ich hoffe es kommt wenigstens bei euch an;) Schönen Abend."
2884819.0,"Nope it doesn't. Next time, I'll share screenshots."
519808.0,She said the driver clocked out. Am I supposed to be waiting for a package to drive itself?
1520436.0,"Woke up today with Amazon's Delivery ringing my bell. Awesome job, guys! Thanks for getting things done, ! :)"
280414.0,I know once product is sold then customer should by running behind you... I am not asking money back.. just upgrade..
980069.0,"So instead of checking where is my package, for payment made in advance, you want me to follow the a beaurecratic process!! 👏👏👏"
248695.0,Im updated all detils
721245.0,Amazonヘルプさんへ。今朝からPC向けのAmazonサイトが前ページやたら重たいのでお買い物に困っています。
101678.0,"Thank you for your help. Have done exactly what you said and am no further on. Been told to order the items, then email cust services and they might issue refund. Offer ends 30th and i will get a reply in 24 hours. Very poor telephone cust service and I'm not placing an order"
415465.0,"I feel for the son who gifted his mom a TV, which was wrongly delivered 2 me &amp; hasn’t been taken back for a week now! #happydiwali"
538503.0,2 of 3 from this week.
755066.0,I didn't get u. U r saying u can't assist me further? Ur service sucks.
1305595.0,"thanks, I have now ordered from"
1744116.0,ca ne repond pas a la question votre lien. Toujours impossible de joindre qq1 c'est quoi ce bordel ?
199903.0,Need help with an order that has been stuck in the dispatch phase for over 5 weeks now. Should have arrived a month ago.
1911477.0,3枚目から次に移った注文履歴で最新の注文のKindle本が一覧に出ないのですが
64210.0,"No they said they can’t speak to them only send an email, I have wrote on the delivery instructions to call me but haven’t heard anything, your courier has lied about delivering the item and lied that they attempted delivery yesterday. Can I contact him/her directly?"
180388.0,Any update ? Plenty more products with the same misleading message...
899467.0,No comprendo...
180717.0,Via what link??
1700085.0,"I’m premium member &amp; book collector; bought tons of books, arrived in mint condition. Suddenly books arrive shabby. What gives?"
138132.0,お返事を頂いたのですが、表示されません。この場合はどこで確認出来ますか？
771725.0,3 orders for my daughter’s birthday. Not delivered. USPS did not leave notice. No gifts for my daughter’s Sat birthday. Help!
455508.0,En amazon usa
842306.0,20 days to deliver a package to PUerto RICO why??????
302588.0,amazonで買えないなら発売日に並べば買えたのに…当方はまだ返金対応言われてませんが、当方含め多数の方は返金対応されてもすぐに購入できない状況です。必ず商品を送付してください。
363324.0,Wht abt d solution &amp; mental pressure I hv gone thru...u guys are not even giving my product wht r u doing cnf
641756.0,Thanks for your help have sent them an email
599010.0,"Buenas!!! Por favor, me podéis confirmar si es la versión pal España??? Muchas gracias!!"
1729673.0,Preorders a game that gets released today then I get this I'll have to cancel my order totally disappointed #xbox
2976547.0,"If I choose to ship to an amazon locker, what time will it be available? Is that faster than home delivery?"
779866.0,I hope it does not come to cancelling the order and initiating a refund (like that is some favor!) when u say closing the issue at earliest
685697.0,".com But I have accounts in UK, SP, and JP too"
2736190.0,Not that I can find nor notifications in the app
842332.0,just rang your customer service line and after a 2 minute conversation the lady was not helpful and rude and hung up on me...
434583.0,"SAME THING I'M HEARING FROM LAST 4 DAY'S AND ONE MORE ORDER # ORDER # 403-5003913-0939508, GOT DELIVERED TO SOME ONE ELSE, AND NO UPDATE ON"
900374.0,I have explained the issur in detail that it was a technical fault at ur end which was accepted by ur call centre
1665325.0,そうなんですね！わざわざリプライありがとうございます！(＾ν＾)
1584498.0,Nothing. The lady asked for my order number then cut me off. Didn’t try to call me back. What’s appalling as it’s a you call us services
320618.0,Are you doing something about this. I have half a mind to unsubscribe totally. It’s irritating!
1060502.0,I have ordered two of your motherboards from and both have been defective. This is effecting my work. Anything?
1237590.0,AMZL US
1545800.0,here is the issue.
